Slice,Count,Total Area,Average Size,%Area,Mean,Mode,Perim.,Image,Dataset,Sum_Mean,Max,Max_Area,Sum_Area
c:1/3 - Centrin_PCNT_Cep215_20110506_Fri-1545_0_SIR_PRJ.dv,5,0.367,0.073,0.357,4.397,0,1.141,1884807,CDK5RAP2-C,4.397,0,0.240,2.401
c:1/3 - Centrin_PCNT_Cep215_20110506_Fri-1559_0_SIR_PRJ.dv,4,0.218,0.054,0.212,6.182,0,1.003,1884808,CDK5RAP2-C,24.599,255,0.565,2.617
c:1/3 - Centrin_PCNT_Cep215_20110506_Fri-1608_0_SIR_PRJ.dv,4,0.114,0.029,0.111,21.103,0,0.604,1884809,CDK5RAP2-C,21.103,0,0.320,2.210
c:1/3 - Centrin_PCNT_Cep215_20110506_Fri-1620_0_SIR_PRJ.dv,3,0.136,0.045,0.133,9.510,0,0.885,1884810,CDK5RAP2-C,29.737,0,0.673,3.033
c:1/3 - Centrin_PCNT_Cep215_20110506_Fri-1633_0_SIR_PRJ.dv,3,0.205,0.068,0.200,9.545,0,1.001,1884811,CDK5RAP2-C,29.624,0,0.345,2.826
c:1/3 - Centrin_PCNT_Cep215_20110506_Fri-1643_0_SIR_PRJ.dv,3,0.154,0.051,0.150,8.037,0,0.877,1884812,CDK5RAP2-C,13.174,0,0.547,2.984
c:1/3 - Centrin_PCNT_Cep215_20110506_Fri-1648_0_SIR_PRJ.dv,4,0.160,0.040,0.156,25.987,0,0.753,1884813,CDK5RAP2-C,36.415,0,0.492,2.265
c:1/2 - Ctrl_Cep215_NEDD1_20101116_Tue-1159_1_SIR_PRJ.dv,5,0.347,0.069,0.337,15.507,0,1.239,1884814,CDK5RAP2-C,27.650,0,0.273,1.538
c:1/2 - Ctrl_Cep215_NEDD1_20101116_Tue-1242_1_SIR_PRJ.dv,3,0.282,0.094,0.275,7.806,0,1.693,1884815,CDK5RAP2-C,30.529,0,0.256,1.205
c:1/2 - Ctrl_Cep215_NEDD1_20101116_Tue-1246_1_SIR_PRJ.dv,8,0.301,0.038,0.293,5.426,0,0.908,1884816,CDK5RAP2-C,5.426,255,0.369,1.334
c:1/2 - Ctrl_Cep215_NEDD1_20101116_Tue-1251_1_SIR_PRJ.dv,13,0.427,0.033,0.415,64.451,0,0.689,1884817,CDK5RAP2-C,76.830,0,0.162,2.464
c:1/3 - Cep215_PCNT_gtub_20110506_Fri-1701_0_SIR_PRJ.dv,17,0.866,0.051,0.842,5.100,0,0.779,1884818,CDK5RAP2-C,34.005,255,0.353,4.062
c:1/3 - Cep215_PCNT_gtub_20110506_Fri-1713_0_SIR_PRJ.dv,5,0.336,0.067,0.327,5.604,0,0.980,1884819,CDK5RAP2-C,26.096,255,0.282,2.547
c:1/3 - Cep215_PCNT_gtub_20110506_Fri-1721_0_SIR_PRJ.dv,5,0.804,0.161,0.783,9.350,0,2.174,1884820,CDK5RAP2-C,44.726,255,0.941,7.429
c:1/3 - Cep215_PCNT_gtub_20110506_Fri-1726_0_SIR_PRJ.dv,2,0.643,0.321,0.626,38.866,0,3.811,1884821,CDK5RAP2-C,57.871,255,0.844,4.125
c:1/3 - Cep215_PCNT_gtub_20110506_Fri-1733_0_SIR_PRJ.dv,2,0.321,0.161,0.313,4.337,0,2.624,1884822,CDK5RAP2-C,22.613,255,0.461,2.656
c:1/3 - Cep215_PCNT_gtub_20110506_Fri-1740_0_SIR_PRJ.dv,6,1.004,0.167,0.977,4.636,0,2.389,1884823,CDK5RAP2-C,24.547,255,0.516,5.389
c:1/3 - Cep215_PCNT_gtub_20110506_Fri-1751_0_SIR_PRJ.dv,6,0.268,0.045,0.261,13.421,0,0.991,1884824,CDK5RAP2-C,13.421,255,0.209,1.893
c:1/3 - Cep215_PCNT_NEDD1_20110505_Thu-1216_0_SIR_PRJ.dv,11,0.770,0.070,0.749,39.913,0,1.456,1884825,CDK5RAP2-C,85.696,0,0.434,5.277
c:1/3 - Cep215_PCNT_NEDD1_20110505_Thu-1241_0_SIR_PRJ.dv,4,0.321,0.080,0.313,0,0,1.096,1884826,CDK5RAP2-C,0,0,0.268,3.798
c:1/3 - Cep215_PCNT_NEDD1_20110505_Thu-1331_0_SIR_PRJ.dv,5,0.179,0.036,0.174,8.407,0,0.810,1884827,CDK5RAP2-C,68.408,0,0.300,4.281
c:1/3 - Cep215_PCNT_NEDD1_20110505_Thu-1403_0_SIR_PRJ.dv,8,0.190,0.024,0.185,5.258,0,0.607,1884828,CDK5RAP2-C,38.794,0,0.243,3.557
c:1/3 - Cep215_PCNT_NEDD1_20110505_Thu-1436_0_SIR_PRJ.dv,4,0.262,0.065,0.255,8.604,0,1.249,1884829,CDK5RAP2-C,8.604,0,0.511,2.259
c:1/3 - Cep215_PCNT_NEDD1_20110505_Thu-1441_0_SIR_PRJ.dv,5,0.497,0.099,0.484,40.949,0,1.560,1884830,CDK5RAP2-C,60.212,0,0.436,4.340
c:1/3 - Cep215_PCNT_NEDD1_20110505_Thu-1504_0_SIR_PRJ.dv,6,0.298,0.050,0.290,4.500,0,0.907,1884831,CDK5RAP2-C,71.943,0,0.274,3.908
c:1/3 - Cep215_PCNT_NEDD1_20110505_Thu-1511_0_SIR_PRJ.dv,8,0.544,0.068,0.529,51.171,0,1.053,1884832,CDK5RAP2-C,78.897,0,0.745,4.189
c:1/3 - Cep215_PCNT_NEDD1_20110505_Thu-1516_0_SIR_PRJ.dv,3,0.568,0.189,0.552,7.391,0,1.968,1884833,CDK5RAP2-C,57.832,0,0.660,4.237
c:1/3 - Cep215_PCNT_NEDD1_20110505_Thu-1529_0_SIR_PRJ.dv,3,0.480,0.160,0.467,7.907,0,1.839,1884834,CDK5RAP2-C,22.339,0,0.492,3.430
c:1/2 - siControl_N20_Cep215_I_20110411_Mon-1349_0_SIR_PRJ.d,6,0.561,0.094,0.546,43.804,0,1.388,1884835,CDK5RAP2-C,64.769,0,0.935,3.057
c:1/2 - siControl_N20_Cep215_I_20110411_Mon-1459_0_SIR_PRJ.d,5,0.974,0.195,0.948,9.281,0,1.794,1884836,CDK5RAP2-C,19.709,0,0.905,3.748
c:1/2 - siControl_N20_Cep215_I_20110411_Mon-1501_0_SIR_PRJ.d,1,0.447,0.447,0.435,4.397,0,4.054,1884837,CDK5RAP2-C,8.361,0,0.605,2.277
c:1/2 - siControl_N20_Cep215_I_20110411_Mon-1503_0_SIR_PRJ.d,2,0.557,0.278,0.542,15.328,0,2.169,1884838,CDK5RAP2-C,25.384,255,0.574,2.249
c:1/2 - siControl_N20_Cep215_I_20110411_Mon-1509_0_SIR_PRJ.d,2,0.342,0.171,0.333,22.723,0,1.905,1884839,CDK5RAP2-C,45.059,0,0.220,1.477
c:1/2 - Ctrl_Cep192_Cent_20101014_Thu-1301_1_SIR_PRJ.dv,1,0.378,0.378,0.368,0,0,2.621,1884840,CENT2,0,0,0.378,1.006
c:1/2 - Ctrl_Cep192_Cent_20101014_Thu-1315_1_SIR_PRJ.dv,2,0.519,0.260,0.505,19.091,0,2.027,1884841,CENT2,19.091,0,0.293,1.400
c:1/2 - Ctrl_Cep192_Cent_20101014_Thu-1318_1_SIR_PRJ.dv,2,0.455,0.227,0.443,0,0,1.877,1884842,CENT2,0,0,0.243,1.226
c:1/2 - Ctrl_Cep192_Cent_20101014_Thu-1438_1_SIR_PRJ.dv,2,0.450,0.225,0.438,0,0,1.840,1884843,CENT2,0,0,0.245,1.476
c:1/2 - Ctrl_Cep192_Cent_20101014_Thu-1443_1_SIR_PRJ.dv,3,0.466,0.155,0.453,0,0,1.413,1884844,CENT2,0,0,0.237,1.208
c:1/2 - Ctrl_Cep192_Cent_20101014_Thu-1446_1_SIR_PRJ.dv,2,0.334,0.167,0.325,0,0,1.523,1884845,CENT2,0,0,0.191,0.846
c:1/2 - Ctrl_Cep192_Cent_20101014_Thu-1452_1_SIR_PRJ.dv,1,0.337,0.337,0.328,0,0,2.990,1884846,CENT2,0,0,0.337,0.938
c:1/2 - NEDD1_Centrin_003_SIR_PRJ.dv,10,0.537,0.054,0.525,2.125,0,0.741,1884847,CENT2,2.125,0,0.187,1.393
c:1/2 - NEDD1_Centrin_004_SIR_PRJ.dv,8,0.487,0.061,0.476,1.164,0,0.778,1884848,CENT2,1.164,0,0.342,2.010
c:1/2 - NEDD1_Centrin_006_SIR_PRJ.dv,5,0.435,0.087,0.426,3.864,0,0.944,1884849,CENT2,3.864,0,0.206,1.371
c:1/2 - NEDD1_Centrin_009_SIR_PRJ.dv,5,0.371,0.074,0.363,37.260,0,1.074,1884850,CENT2,37.260,0,0.342,1.082
c:1/2 - NEDD1_Centrin_010_SIR_PRJ.dv,7,0.493,0.070,0.482,7.391,0,0.941,1884851,CENT2,7.391,0,0.215,1.172
c:1/2 - NEDD1_Centrin_012_SIR_PRJ.dv,9,0.577,0.064,0.565,6.986,0,0.793,1884852,CENT2,6.986,0,0.228,1.628
c:1/2 - NEDD1_Centrin_014_SIR_PRJ.dv,6,0.457,0.076,0.447,0,0,1.007,1884853,CENT2,0,0,0.206,1.236
c:1/2 - NEDD1_Centrin_016_SIR_PRJ.dv,2,0.566,0.283,0.554,0,0,2.673,1884854,CENT2,0,0,0.541,1.490
c:1/2 - NEDD1_Centrin_020_SIR_PRJ.dv,12,0.557,0.046,0.545,11.250,0,0.665,1884855,CENT2,11.250,0,0.318,1.382
c:1/2 - NEDD1_Centrin_026_SIR_PRJ.dv,13,0.691,0.053,0.676,5.186,0,0.732,1884856,CENT2,5.186,0,0.460,2.273
c:1/2 - NEDD1_Centrin_031_SIR_PRJ.dv,7,0.590,0.084,0.577,4.752,0,0.977,1884857,CENT2,6.288,0,0.259,1.686
c:1/2 - NEDD1_Centrin_043_SIR_PRJ.dv,6,0.437,0.073,0.427,5.178,0,1.084,1884858,CENT2,5.178,0,0.307,1.144
c:1/2 - NEDD1_Centrin_046_SIR_PRJ.dv,3,0.378,0.126,0.369,0,0,1.252,1884859,CENT2,0,0,0.337,1.006
c:1/2 - NEDD1_Centrin_048_SIR_PRJ.dv,5,0.602,0.120,0.589,0,0,1.184,1884860,CENT2,0,0,0.282,2.258
c:1/2 - NEDD1_Centrin_053_SIR_PRJ.dv,9,0.502,0.056,0.491,17.988,0,0.693,1884861,CENT2,17.988,0,0.376,1.559
c:1/2 - Cep120_gtub_001_SIR_PRJ.dv,2,0.212,0.106,0.208,4.766,0,1.207,1884862,CEP120/20111106,4.766,0,0.215,1.187
c:1/2 - Cep120_gtub_002_SIR_PRJ.dv,3,0.379,0.126,0.371,2.257,0,1.212,1884863,CEP120/20111106,2.257,255,0.200,1.429
c:1/2 - Cep120_gtub_007_SIR_PRJ.dv,3,0.187,0.062,0.183,1.947,0,0.915,1884864,CEP120/20111106,1.947,0,0.204,1.151
c:1/2 - Cep120_gtub_008_SIR_PRJ.dv,3,0.298,0.099,0.291,11.525,0,1.099,1884865,CEP120/20111106,11.525,255,0.276,1.678
c:1/2 - Cep120_gtub_009_SIR_PRJ.dv,2,0.197,0.098,0.192,0,0,1.086,1884866,CEP120/20111106,0,0,0.214,1.294
c:1/2 - Cep120_gtub_010_SIR_PRJ.dv,3,0.276,0.092,0.270,7.133,0,1.109,1884867,CEP120/20111106,21.155,0,0.223,1.424
c:1/2 - Cep120_gtub_015_SIR_PRJ.dv,1,0.240,0.240,0.235,0,0,1.940,1884868,CEP120/20111106,0,0,0.499,1.478
c:1/2 - Cep120_gtub_016_SIR_PRJ.dv,5,0.261,0.052,0.255,5.276,0,0.765,1884869,CEP120/20111106,5.276,255,0.226,1.374
c:1/2 - Cep120_gtub_020_SIR_PRJ.dv,3,0.181,0.060,0.177,8.315,0,0.842,1884870,CEP120/20111106,8.315,0,0.200,1.235
c:1/2 - Cep120_gtub_023_SIR_PRJ.dv,3,0.418,0.139,0.409,10.479,0,1.424,1884871,CEP120/20111106,11.583,255,0.569,1.952
c:1/2 - Cep120_gtub_024_SIR_PRJ.dv,4,0.264,0.066,0.258,0,0,0.829,1884872,CEP120/20111106,0,0,0.374,1.276
c:1/2 - Cep120_gtub_025_SIR_PRJ.dv,6,0.410,0.068,0.401,13.190,0,0.857,1884873,CEP120/20111106,13.190,0,0.543,1.909
c:1/2 - Cep120_gtub_026_SIR_PRJ.dv,5,0.451,0.090,0.441,9.126,0,1.222,1884874,CEP120/20111106,9.126,255,0.741,2.356
c:1/2 - Cep120_gtub_027_SIR_PRJ.dv,2,0.360,0.180,0.352,7.217,0,1.572,1884875,CEP120/20111106,7.217,255,0.198,1.374
c:1/2 - Cep120_gtub_028_SIR_PRJ.dv,3,0.289,0.096,0.282,0.973,0,1.192,1884876,CEP120/20111106,0.973,255,0.409,1.394
c:1/2 - Cep120_gtub_030_SIR_PRJ.dv,4,0.222,0.055,0.217,0,0,0.760,1884877,CEP120/20111106,0,0,0.250,1.438
c:1/2 - JG_Cep120_gtub_001_SIR_PRJ.dv,3,0.337,0.112,0.330,8.407,0,1.185,1884878,CEP120/20111106,8.407,0,0.228,1.535
c:1/2 - JG_Cep120_gtub_002_SIR_PRJ.dv,1,0.150,0.150,0.146,0,0,1.414,1884879,CEP120/20111106,0,0,0.190,1.048
c:1/2 - JG_Cep120_gtub_003_SIR_PRJ.dv,3,0.225,0.075,0.220,0,0,1.098,1884880,CEP120/20111106,0,0,0.159,1.048
c:1/2 - JG_Cep120_gtub_005_SIR_PRJ.dv,2,0.232,0.116,0.227,0,0,1.233,1884881,CEP120/20111106,0,0,0.456,1.414
c:1/2 - JG_Cep120_gtub_006_SIR_PRJ.dv,1,0.237,0.237,0.232,0,0,2.191,1884882,CEP120/20111106,0,0,0.359,1.192
c:1/2 - JG_Cep120_gtub_007_SIR_PRJ.dv,2,0.445,0.222,0.435,4.069,0,1.845,1884883,CEP120/20111106,4.069,0,0.323,2.150
c:1/2 - JG_Cep120_gtub_008_SIR_PRJ.dv,2,0.418,0.209,0.409,1.032,0,1.922,1884884,CEP120/20111106,1.032,0,0.407,1.651
c:1/2 - JG_Cep120_gtub_009_SIR_PRJ.dv,2,0.218,0.109,0.214,0,0,1.235,1884885,CEP120/20111106,0,0,0.223,1.276
c:1/2 - JG_Cep120_gtub_010_SIR_PRJ.dv,2,0.357,0.179,0.349,0,0,1.654,1884886,CEP120/20111106,0,0,0.267,1.712
c:1/2 - JG_Cep120_gtub_011_SIR_PRJ.dv,1,0.189,0.189,0.185,0,0,1.647,1884887,CEP120/20111106,0,0,0.545,1.468
c:1/2 - JG_Cep120_gtub_012_SIR_PRJ.dv,3,0.329,0.110,0.322,1.409,0,1.345,1884888,CEP120/20111106,1.409,0,0.381,1.421
c:1/2 - JG_Cep120_gtub_014_SIR_PRJ.dv,2,0.231,0.115,0.226,2.865,0,1.335,1884889,CEP120/20111106,2.865,255,0.186,1.110
c:1/2 - JG_Cep120_gtub_015_SIR_PRJ.dv,2,0.240,0.120,0.235,0,0,1.407,1884890,CEP120/20111106,0,0,0.172,1.202
c:1/2 - JG_Cep120_gtub_018_SIR_PRJ.dv,2,0.195,0.098,0.191,0,0,1.077,1884891,CEP120/20111106,0,0,0.245,1.302
c:1/2 - JG_Cep120_gtub_020_SIR_PRJ.dv,2,0.242,0.121,0.237,7.427,0,1.340,1884892,CEP120/20111106,7.427,0,0.176,1.153
c:1/2 - JG_Cep120_gtub_023_SIR_PRJ.dv,3,0.228,0.076,0.223,0,0,0.937,1884893,CEP120/20111106,0,0,0.220,1.418
c:1/2 - JG_Cep120_gtub_024_SIR_PRJ.dv,1,0.187,0.187,0.183,0,0,2.038,1884894,CEP120/20111106,0,0,0.384,1.142
c:1/2 - JG_Cep120_gtub_026_SIR_PRJ.dv,2,0.325,0.162,0.317,0,0,1.519,1884895,CEP120/20111106,0,0,0.190,1.266
c:1/2 - JG_Cep120_gtub_027_SIR_PRJ.dv,1,0.281,0.281,0.275,8.226,0,2.387,1884896,CEP120/20111106,15.165,255,0.459,1.476
c:1/2 - JG_Cep120_gtub_028_SIR_PRJ.dv,2,0.222,0.111,0.217,0,0,1.312,1884897,CEP120/20111106,0,0,0.173,1.130
c:1/2 - JG_Cep120_gtub_029_SIR_PRJ.dv,3,0.326,0.109,0.319,2.107,0,1.157,1884898,CEP120/20111106,3.405,255,0.613,1.877
c:1/2 - JG_Cep120_gtub_030_SIR_PRJ.dv,2,0.187,0.094,0.183,1.170,0,1.075,1884899,CEP120/20111106,1.170,255,0.340,1.053
c:1/2 - Cep120_gtub_001_SIR_PRJ.dv,2,0.309,0.154,0.302,0,0,1.707,1884900,CEP120/20111209,0,0,0.602,1.924
c:1/2 - Cep120_gtub_002_SIR_PRJ.dv,2,0.167,0.083,0.163,0,0,1.031,1884901,CEP120/20111209,0,0,0.443,1.220
c:1/2 - Cep120_gtub_003_SIR_PRJ.dv,2,0.176,0.088,0.172,0,0,1.003,1884902,CEP120/20111209,0,0,0.248,1.334
c:1/2 - Cep120_gtub_005_SIR_PRJ.dv,2,0.164,0.082,0.160,0,0,0.958,1884903,CEP120/20111209,0,0,0.267,1.414
c:1/2 - Cep120_gtub_007_SIR_PRJ.dv,1,0.140,0.140,0.137,0,0,1.381,1884904,CEP120/20111209,0,0,0.212,1.262
c:1/2 - Cep120_gtub_008_SIR_PRJ.dv,4,0.296,0.074,0.290,1.735,0,0.911,1884905,CEP120/20111209,1.735,255,0.459,1.509
c:1/2 - Cep120_gtub_009_SIR_PRJ.dv,3,0.296,0.099,0.290,5.055,0,1.329,1884906,CEP120/20111209,22.343,255,0.708,2.013
c:1/2 - Cep120_gtub_011_SIR_PRJ.dv,1,0.220,0.220,0.215,0.794,0,2.475,1884907,CEP120/20111209,0.794,255,0.501,1.440
c:1/2 - Cep120_gtub_013_SIR_PRJ.dv,1,0.261,0.261,0.255,3.018,0,2.479,1884908,CEP120/20111209,3.018,0,0.627,1.841
c:1/2 - Cep120_gtub_015_SIR_PRJ.dv,2,0.169,0.084,0.165,2.965,0,1.131,1884909,CEP120/20111209,2.965,0,0.281,1.379
c:1/2 - Cep152_gtub_001_SIR_PRJ.dv,2,0.303,0.151,0.296,0,0,1.735,1884910,CEP152,0,0,0.543,1.692
c:1/2 - Cep152_gtub_002_SIR_PRJ.dv,4,0.298,0.075,0.291,18.716,0,1.068,1884911,CEP152,18.716,0,0.206,1.426
c:1/2 - Cep152_gtub_003_SIR_PRJ.dv,2,0.270,0.135,0.264,21.768,0,1.405,1884912,CEP152,41.013,0,0.245,1.459
c:1/2 - Cep152_gtub_006_SIR_PRJ.dv,23,1.176,0.051,1.151,2.656,0,1.072,1884913,CEP152,2.656,0,0.395,2.944
c:1/2 - Cep152_gtub_009_SIR_PRJ.dv,1,0.111,0.111,0.108,2.056,0,1.680,1884914,CEP152,2.056,255,0.387,0.993
c:1/2 - Cep152_gtub_010_SIR_PRJ.dv,35,1.073,0.031,1.050,1.771,0,0.732,1884915,CEP152,1.771,0,0.225,3.014
c:1/2 - Cep152_gtub_011_SIR_PRJ.dv,2,0.293,0.147,0.287,0,0,1.328,1884916,CEP152,0,0,0.368,1.322
c:1/2 - Cep152_gtub_012_SIR_PRJ.dv,2,0.250,0.125,0.244,9.273,0,1.452,1884917,CEP152,51.773,255,0.257,1.382
c:1/2 - Cep152_gtub_013_SIR_PRJ.dv,3,0.242,0.081,0.237,0,0,1.025,1884918,CEP152,0,0,0.256,1.448
c:1/2 - Cep152_gtub_015_SIR_PRJ.dv,2,0.167,0.083,0.163,0,0,1.165,1884919,CEP152,0,0,0.240,1.154
c:1/2 - Cep152_gtub_016_SIR_PRJ.dv,3,0.301,0.100,0.294,9.745,0,1.200,1884920,CEP152,14.745,255,0.245,1.536
c:1/2 - Cep152_gtub_018_SIR_PRJ.dv,2,0.286,0.143,0.279,0,0,2.012,1884921,CEP152,0,0,0.467,1.540
c:1/2 - Cep152_gtub_019_SIR_PRJ.dv,2,0.172,0.086,0.168,10.851,0,1.009,1884922,CEP152,10.851,0,0.218,1.213
c:1/2 - Cep152_gtub_021_SIR_PRJ.dv,1,0.254,0.254,0.249,2.297,0,2.410,1884923,CEP152,17.037,255,0.346,1.213
c:1/2 - Cep152_gtub_024_SIR_PRJ.dv,2,0.281,0.140,0.275,8.693,0,1.636,1884924,CEP152,11.901,0,0.496,1.752
c:1/2 - Cep152_gtub_026_SIR_PRJ.dv,4,0.356,0.089,0.348,2.192,0,0.997,1884925,CEP152,20.760,255,0.545,1.820
c:1/2 - Cep152_gtub_028_SIR_PRJ.dv,2,0.220,0.110,0.215,9.623,0,1.272,1884926,CEP152,9.623,0,0.220,1.242
c:1/2 - Cep152_gtub_031_SIR_PRJ.dv,4,0.214,0.053,0.209,17.500,0,0.793,1884927,CEP152,17.500,0,0.412,1.263
c:1/2 - Cep152_gtub_032_SIR_PRJ.dv,1,0.254,0.254,0.249,33.910,0,2.275,1884928,CEP152,33.910,0,0.351,1.249
c:1/2 - Cep152_gtub_033_SIR_PRJ.dv,3,0.215,0.072,0.211,0,0,0.963,1884929,CEP152,0,0,0.229,1.296
c:1/2 - JG_Cep152_gtub_001_SIR_PRJ.dv,2,0.192,0.096,0.188,24.677,0,1.263,1884930,CEP152,24.677,0,0.460,1.322
c:1/2 - JG_Cep152_gtub_002_SIR_PRJ.dv,5,0.247,0.049,0.241,22.174,0,0.868,1884931,CEP152,34.127,0,0.200,1.215
c:1/2 - JG_Cep152_gtub_003_SIR_PRJ.dv,3,0.203,0.068,0.198,11.087,0,0.803,1884932,CEP152,11.087,0,0.448,1.311
c:1/2 - JG_Cep152_gtub_004_SIR_PRJ.dv,4,0.229,0.057,0.224,4.180,0,0.838,1884933,CEP152,16.804,0,0.190,1.183
c:1/2 - JG_Cep152_gtub_005_SIR_PRJ.dv,2,0.271,0.136,0.266,6.892,0,1.419,1884934,CEP152,23.939,255,0.173,1.174
c:1/2 - JG_Cep152_gtub_006_SIR_PRJ.dv,2,0.382,0.191,0.374,15.692,0,1.633,1884935,CEP152,15.692,0,0.278,1.885
c:1/2 - JG_Cep152_gtub_007_SIR_PRJ.dv,11,0.335,0.030,0.328,5.709,0,0.623,1884936,CEP152,5.709,0,0.209,1.465
c:1/2 - JG_Cep152_gtub_008_SIR_PRJ.dv,11,0.431,0.039,0.421,9.444,0,0.692,1884937,CEP152,13.087,0,0.225,1.737
c:1/2 - JG_Cep152_gtub_009_SIR_PRJ.dv,4,0.169,0.042,0.165,0,0,0.748,1884938,CEP152,0,0,0.253,1.146
c:1/2 - JG_Cep152_gtub_011_SIR_PRJ.dv,1,0.379,0.379,0.371,0,0,2.745,1884939,CEP152,0,0,0.460,1.710
c:1/2 - JG_Cep152_gtub_014_SIR_PRJ.dv,3,0.339,0.113,0.331,8.718,0,1.169,1884940,CEP152,8.718,0,0.212,1.461
c:1/2 - JG_Cep152_gtub_017_SIR_PRJ.dv,1,0.268,0.268,0.262,5.795,0,2.345,1884941,CEP152,5.795,0,0.401,1.345
c:1/2 - JG_Cep152_gtub_018_SIR_PRJ.dv,4,0.304,0.076,0.298,6.145,0,0.983,1884942,CEP152,6.145,0,0.413,1.440
c:1/2 - JG_Cep152_gtub_019_SIR_PRJ.dv,2,0.410,0.205,0.401,4.786,0,1.968,1884943,CEP152,8.770,255,0.582,1.979
c:1/2 - JG_Cep152_gtub_020_SIR_PRJ.dv,21,0.897,0.043,0.877,20.132,0,0.860,1884944,CEP152,20.132,0,0.204,2.590
c:1/2 - JG_Cep152_gtub_021_SIR_PRJ.dv,4,0.373,0.093,0.365,1.097,0,1.191,1884945,CEP152,1.097,255,0.726,2.194
c:1/2 - JG_Cep152_gtub_022_SIR_PRJ.dv,2,0.367,0.183,0.359,4.601,0,1.761,1884946,CEP152,24.590,255,0.605,1.947
c:1/2 - JG_Cep152_gtub_023_SIR_PRJ.dv,1,0.304,0.304,0.298,0,0,2.647,1884947,CEP152,0,0,0.385,1.412
c:1/2 - JG_Cep152_gtub_024_SIR_PRJ.dv,4,0.279,0.070,0.273,2.325,0,0.975,1884948,CEP152,2.325,255,0.513,1.582
c:1/2 - JG_Cep152_gtub_025_SIR_PRJ.dv,2,0.281,0.140,0.275,10.142,0,1.693,1884949,CEP152,11.021,255,0.452,1.476
c:1/2 - JG_Cep152_gtub_027_SIR_PRJ.dv,2,0.175,0.087,0.171,5,0,0.998,1884950,CEP152,5,0,0.214,0.781
c:1/2 - JG_Cep152_gtub_028_SIR_PRJ.dv,3,0.209,0.070,0.204,0,0,1.199,1884951,CEP152,0,0,0.231,1.302
c:1/2 - JG_Cep152_gtub_030_SIR_PRJ.dv,2,0.275,0.137,0.269,9.107,0,1.756,1884952,CEP152,11.849,255,0.218,1.314
c:1/2 - JG_Cep152_gtub_031_SIR_PRJ.dv,3,0.387,0.129,0.378,12.593,0,1.436,1884953,CEP152,23.072,255,0.379,1.527
c:1/2 - JG_Cep152_gtub_032_SIR_PRJ.dv,3,0.237,0.079,0.232,6.429,0,1.044,1884954,CEP152,6.429,0,0.417,1.345
c:1/2 - JG_Cep152_gtub_033_SIR_PRJ.dv,3,0.186,0.062,0.182,5.000,0,0.819,1884955,CEP152,39.773,0,0.239,1.275
c:1/2 - JG_Cep152_gtub_034_SIR_PRJ.dv,4,0.215,0.054,0.211,8.138,0,0.801,1884956,CEP152,52.039,255,0.183,1.094
c:1/2 - JG_Cep152_gtub_035_SIR_PRJ.dv,19,0.866,0.046,0.847,0,0,0.986,1884957,CEP152,0,0,0.424,2.582
c:1/2 - JG_Cep152_gtub_036_SIR_PRJ.dv,3,0.240,0.080,0.235,5.100,0,1.158,1884958,CEP152,15.725,255,0.187,1.117
c:1/2 - JG_Cep152_gtub_039_SIR_PRJ.dv,1,0.214,0.214,0.209,10.699,0,2.522,1884959,CEP152,10.699,0,0.438,1.313
c:1/3 - Centrin_Sas6_Cep192_001_SIR_PRJ.dv,3,0.134,0.045,0.131,0,0,0.960,1884960,CEP192-M,0,0,0.242,1.614
c:1/3 - Centrin_Sas6_Cep192_002_SIR_PRJ.dv,3,0.108,0.036,0.105,0,0,0.676,1884961,CEP192-M,0,0,0.309,1.658
c:1/3 - Centrin_Sas6_Cep192_003_SIR_PRJ.dv,3,0.120,0.040,0.117,0,0,0.870,1884962,CEP192-M,0,0,0.530,1.578
c:1/3 - Centrin_Sas6_Cep192_004_SIR_PRJ.dv,2,0.056,0.028,0.055,0,0,0.610,1884963,CEP192-M,0,0,0.340,1.496
c:1/3 - Centrin_Sas6_Cep192_007_SIR_PRJ.dv,2,0.089,0.044,0.087,0,0,0.712,1884964,CEP192-M,0,0,0.232,1.164
c:1/3 - Centrin_Sas6_Cep192_008_SIR_PRJ.dv,14,0.325,0.023,0.317,0,0,0.570,1884965,CEP192-M,0,0,0.223,1.704
c:1/3 - Centrin_Sas6_Cep192_009_SIR_PRJ.dv,22,0.443,0.020,0.433,0,0,0.529,1884966,CEP192-M,0,0,0.247,2.068
c:1/3 - Centrin_Sas6_Cep192_010_SIR_PRJ.dv,3,0.105,0.035,0.102,0,0,0.743,1884967,CEP192-M,0,0,0.282,1.522
c:1/3 - Centrin_Sas6_Cep192_012_SIR_PRJ.dv,6,0.254,0.042,0.249,2.656,0,0.834,1884968,CEP192-M,2.656,0,0.426,1.628
c:1/3 - Centrin_Sas6_Cep192_013_SIR_PRJ.dv,4,0.142,0.035,0.139,0,0,0.689,1884969,CEP192-M,0,0,0.482,1.736
c:1/3 - Centrin_Sas6_Cep192_014_SIR_PRJ.dv,2,0.131,0.066,0.128,0,0,1.003,1884970,CEP192-M,0,0,0.325,1.726
c:1/3 - Centrin_Sas6_Cep192_016_SIR_PRJ.dv,7,0.158,0.023,0.154,0,0,0.528,1884971,CEP192-M,0,0,0.510,1.692
c:1/3 - Centrin_Sas6_Cep192_017_SIR_PRJ.dv,6,0.173,0.029,0.169,0,0,0.609,1884972,CEP192-M,0,0,0.491,1.602
c:1/3 - Centrin_Sas6_Cep192_018_SIR_PRJ.dv,4,0.142,0.035,0.139,0,0,0.776,1884973,CEP192-M,0,0,0.248,1.428
c:1/3 - Centrin_Sas6_Cep192_019_SIR_PRJ.dv,3,0.208,0.069,0.203,0,0,0.896,1884974,CEP192-M,0,0,0.451,1.608
c:1/3 - Centrin_Sas6_Cep192_020_SIR_PRJ.dv,3,0.089,0.030,0.087,0.804,0,0.624,1884975,CEP192-M,0.804,0,0.495,1.510
c:1/3 - Centrin_Sas6_Cep192_022_SIR_PRJ.dv,4,0.087,0.022,0.085,0,0,0.547,1884976,CEP192-M,0,0,0.541,1.520
c:1/3 - Centrin_Sas6_Cep192_026_SIR_PRJ.dv,2,0.075,0.037,0.073,0,0,0.672,1884977,CEP192-M,0,0,0.236,1.410
c:1/3 - Centrin_Sas6_Cep192_028_SIR_PRJ.dv,3,0.106,0.035,0.104,0,0,0.703,1884978,CEP192-M,0,0,0.282,1.752
c:1/3 - Centrin_Sas6_Cep192_030_SIR_PRJ.dv,6,0.273,0.046,0.267,2.161,0,0.896,1884979,CEP192-M,2.161,0,0.237,1.673
c:1/3 - Centrin_Sas6_Cep192_032_SIR_PRJ.dv,3,0.126,0.042,0.124,0,0,0.735,1884980,CEP192-M,0,0,0.387,2.038
c:1/3 - Centrin_Sas6_Cep192_035_SIR_PRJ.dv,4,0.170,0.043,0.166,0,0,0.776,1884981,CEP192-M,0,0,0.342,2.216
c:1/3 - Centrin_Sas6_Cep192_036_SIR_PRJ.dv,3,0.150,0.050,0.146,0,0,0.851,1884982,CEP192-M,0,0,0.271,1.724
c:1/3 - Centrin_Sas6_Cep192_038_SIR_PRJ.dv,6,0.162,0.027,0.159,0,0,0.633,1884983,CEP192-M,0,0,0.488,1.608
c:1/3 - Centrin_Sas6_Cep192_039_SIR_PRJ.dv,2,0.111,0.055,0.108,0.759,0,0.926,1884984,CEP192-M,0.759,255,0.524,1.637
c:1/2 - Ctrl_Cep192_Cent_20101014_Thu-1301_1_SIR_PRJ.dv,1,0.378,0.378,0.368,0,0,2.621,1884985,CEP192-M,0,0,0.378,1.006
c:1/2 - Ctrl_Cep192_Cent_20101014_Thu-1315_1_SIR_PRJ.dv,2,0.519,0.260,0.505,19.091,0,2.027,1884986,CEP192-M,19.091,0,0.293,1.400
c:1/2 - Ctrl_Cep192_Cent_20101014_Thu-1318_1_SIR_PRJ.dv,2,0.455,0.227,0.443,0,0,1.877,1884987,CEP192-M,0,0,0.243,1.226
c:1/2 - Ctrl_Cep192_Cent_20101014_Thu-1436_1_SIR_PRJ.dv,3,0.420,0.140,0.409,0,0,1.258,1884988,CEP192-M,0,0,0.209,1.146
c:1/2 - Ctrl_Cep192_Cent_20101014_Thu-1438_1_SIR_PRJ.dv,2,0.450,0.225,0.438,0,0,1.840,1884989,CEP192-M,0,0,0.245,1.476
c:1/2 - Ctrl_Cep192_Cent_20101014_Thu-1443_1_SIR_PRJ.dv,3,0.466,0.155,0.453,0,0,1.413,1884990,CEP192-M,0,0,0.237,1.208
c:1/2 - Ctrl_Cep192_Cent_20101014_Thu-1446_1_SIR_PRJ.dv,2,0.334,0.167,0.325,0,0,1.523,1884991,CEP192-M,0,0,0.191,0.846
c:1/2 - Ctrl_Cep192_Cent_20101014_Thu-1452_1_SIR_PRJ.dv,1,0.337,0.337,0.328,0,0,2.990,1884992,CEP192-M,0,0,0.337,0.938
c:1/3 - Centrin_Cpap_PCNTN20_001_SIR_PRJ.dv,6,0.193,0.032,0.189,34.382,0,0.668,1884993,CPAP,34.382,0,0.278,2.056
c:1/3 - Centrin_Cpap_PCNTN20_002_SIR_PRJ.dv,5,0.154,0.031,0.151,0,0,0.654,1884994,CPAP,0,0,0.189,1.354
c:1/3 - Centrin_Cpap_PCNTN20_003_SIR_PRJ.dv,7,0.284,0.041,0.278,6.611,0,0.744,1884995,CPAP,6.611,0,0.421,2.317
c:1/3 - Centrin_Cpap_PCNTN20_004_SIR_PRJ.dv,9,0.314,0.035,0.307,0,0,0.692,1884996,CPAP,0,0,0.334,1.676
c:1/3 - Centrin_Cpap_PCNTN20_005_SIR_PRJ.dv,3,0.117,0.039,0.114,0,0,0.724,1884997,CPAP,0,0,0.389,1.246
c:1/3 - Centrin_Cpap_PCNTN20_007_SIR_PRJ.dv,1,0.211,0.211,0.206,9.623,0,2.298,1884998,CPAP,9.623,0,1.158,3.118
c:1/3 - Centrin_Cpap_PCNTN20_008_SIR_PRJ.dv,2,0.084,0.042,0.082,8.793,0,0.763,1884999,CPAP,29.267,0,0.214,1.048
c:1/3 - Centrin_Cpap_PCNTN20_009_SIR_PRJ.dv,3,0.148,0.049,0.145,12.939,0,1.027,1885000,CPAP,12.939,0,0.738,2.305
c:1/3 - Centrin_Cpap_PCNTN20_010_SIR_PRJ.dv,3,0.220,0.073,0.215,5.426,0,1.092,1885001,CPAP,11.458,0,0.290,1.917
c:1/3 - Centrin_Cpap_PCNTN20_011_SIR_PRJ.dv,10,0.410,0.041,0.401,0.666,0,0.752,1885002,CPAP,0.666,0,0.598,2.620
c:1/3 - Centrin_Cpap_PCNTN20_012_SIR_PRJ.dv,3,0.158,0.053,0.154,0,0,0.920,1885003,CPAP,0,0,0.318,1.252
c:1/3 - Centrin_Cpap_PCNTN20_014_SIR_PRJ.dv,7,0.398,0.057,0.389,2.537,0,0.898,1885004,CPAP,4.454,0,0.314,2.152
c:1/3 - Centrin_Cpap_PCNTN20_016_SIR_PRJ.dv,3,0.434,0.145,0.424,15.130,0,1.920,1885005,CPAP,15.130,0,1.262,4.133
c:1/3 - Centrin_Cpap_PCNTN20_017_SIR_PRJ.dv,5,0.214,0.043,0.209,11.629,0,0.769,1885006,CPAP,11.629,0,0.479,1.760
c:1/3 - Centrin_Cpap_PCNTN20_018_SIR_PRJ.dv,2,0.092,0.046,0.090,0,0,0.819,1885007,CPAP,0,0,0.212,1.112
c:1/3 - Centrin_Cpap_PCNTN20_019_SIR_PRJ.dv,2,0.151,0.076,0.148,1.041,0,1.428,1885008,CPAP,1.041,0,0.382,1.437
c:1/2 - CPAP_gtub_001_SIR_PRJ.dv,5,0.389,0.078,0.380,2.525,0,1.195,1885009,CPAP,2.525,0,0.315,1.691
c:1/2 - CPAP_gtub_002_SIR_PRJ.dv,3,0.225,0.075,0.220,0,0,1.224,1885010,CPAP,0,0,0.456,1.394
c:1/2 - CPAP_gtub_003_SIR_PRJ.dv,4,0.226,0.057,0.221,15.000,0,1.081,1885011,CPAP,15.729,255,0.546,1.729
c:1/2 - CPAP_gtub_005_SIR_PRJ.dv,2,0.276,0.138,0.270,12.593,0,2.007,1885012,CPAP,13.779,255,0.335,1.761
c:1/2 - CPAP_gtub_006_SIR_PRJ.dv,2,0.167,0.083,0.163,0,0,1.603,1885013,CPAP,0,0,0.262,1.360
c:1/2 - CPAP_gtub_007_SIR_PRJ.dv,2,0.158,0.079,0.154,0,0,1.277,1885014,CPAP,0,0,0.506,1.368
c:1/2 - CPAP_gtub_008_SIR_PRJ.dv,3,0.183,0.061,0.179,0,0,1.109,1885015,CPAP,0,0,0.212,1.204
c:1/2 - CPAP_gtub_009_SIR_PRJ.dv,2,0.150,0.075,0.146,0,0,1.077,1885016,CPAP,0,0,0.412,1.124
c:1/2 - CPAP_gtub_012_SIR_PRJ.dv,4,0.201,0.050,0.197,0,0,0.863,1885017,CPAP,0,0,0.488,1.584
c:1/2 - CPAP_gtub_013_SIR_PRJ.dv,2,0.204,0.102,0.200,0,0,1.480,1885018,CPAP,0,0,0.593,1.596
c:1/2 - CPAP_gtub_015_SIR_PRJ.dv,2,0.128,0.064,0.125,0,0,0.975,1885019,CPAP,0,0,0.228,1.172
c:1/2 - CPAP_gtub_016_SIR_PRJ.dv,2,0.094,0.047,0.092,0,0,0.851,1885020,CPAP,0,0,0.426,1.040
c:1/2 - CPAP_gtub_017_SIR_PRJ.dv,2,0.189,0.094,0.185,0,0,1.540,1885021,CPAP,0,0,0.295,1.450
c:1/2 - CPAP_gtub_019_SIR_PRJ.dv,5,0.164,0.033,0.160,0,0,0.823,1885022,CPAP,0,0,0.309,1.386
c:1/2 - CPAP_gtub_020_SIR_PRJ.dv,2,0.287,0.144,0.281,6.456,0,1.815,1885023,CPAP,11.135,0,0.452,1.648
c:1/2 - CPAP_gtub_022_SIR_PRJ.dv,2,0.098,0.049,0.096,0,0,0.898,1885024,CPAP,0,0,0.512,1.252
c:1/2 - CPAP_gtub_023_SIR_PRJ.dv,2,0.126,0.063,0.124,0,0,1.070,1885025,CPAP,0,0,0.955,2.250
c:1/2 - CPAP_gtub_025_SIR_PRJ.dv,1,0.148,0.148,0.145,2.656,0,2.038,1885026,CPAP,2.656,0,0.351,1.202
c:1/2 - CPAP_gtub_026_SIR_PRJ.dv,4,0.161,0.040,0.157,0,0,0.785,1885027,CPAP,0,0,0.228,1.232
c:1/2 - CPAP_gtub_027_SIR_PRJ.dv,2,0.164,0.082,0.160,0,0,1.249,1885028,CPAP,0,0,0.197,0.950
c:1/2 - CPAP_gtub_028_SIR_PRJ.dv,5,0.267,0.053,0.261,0,0,0.956,1885029,CPAP,0,0,0.468,2.154
c:1/2 - CPAP_gtub_029_SIR_PRJ.dv,5,0.142,0.028,0.139,0,0,0.638,1885030,CPAP,0,0,0.506,1.336
c:1/2 - NEDD1141_NEDD1ab_I_001_SIR_PRJ.dv,7,0.150,0.021,0.146,21.702,0,0.510,1885031,NEDD1-C1,32.693,0,0.181,1.131
c:1/2 - NEDD1141_NEDD1ab_I_002_SIR_PRJ.dv,5,0.170,0.034,0.166,14.655,0,0.764,1885032,NEDD1-C1,14.655,0,0.136,1.782
c:1/2 - NEDD1141_NEDD1ab_I_006_SIR_PRJ.dv,8,0.398,0.050,0.389,8.596,0,0.764,1885033,NEDD1-C1,68.520,0,0.147,3.688
c:1/2 - NEDD1141_NEDD1ab_I_007_SIR_PRJ.dv,5,0.343,0.069,0.336,6.830,0,0.930,1885034,NEDD1-C1,41.978,0,0.175,1.398
c:1/2 - NEDD1141_NEDD1ab_I_010_SIR_PRJ.dv,9,0.452,0.050,0.443,9.444,0,0.712,1885035,NEDD1-C1,70.270,0,0.243,5.890
c:1/2 - NEDD1141_NEDD1ab_I_011_SIR_PRJ.dv,3,0.349,0.116,0.342,34.134,0,1.245,1885036,NEDD1-C1,36.710,0,0.198,6.115
c:1/2 - NEDD1141_NEDD1ab_I_012_SIR_PRJ.dv,3,0.365,0.122,0.357,2.742,0,1.284,1885037,NEDD1-C1,42.857,0,0.201,1.616
c:1/2 - NEDD1141_NEDD1ab_I_013_SIR_PRJ.dv,8,0.462,0.058,0.452,11.384,0,0.819,1885038,NEDD1-C1,12.460,0,0.370,3.654
c:1/2 - NEDD1141_NEDD1ab_I_015_SIR_PRJ.dv,4,0.396,0.099,0.388,28.213,0,1.239,1885039,NEDD1-C1,63.678,0,0.367,4.330
c:1/2 - NEDD1141_NEDD1ab_I_016_SIR_PRJ.dv,8,0.176,0.022,0.172,0,0,0.526,1885040,NEDD1-C1,0,0,0.161,3.764
c:1/2 - NEDD1141_NEDD1ab_I_017_SIR_PRJ.dv,6,0.487,0.081,0.476,14.826,0,1.075,1885041,NEDD1-C1,14.826,0,0.393,1.606
c:1/2 - NEDD1141_NEDD1ab_I_018_SIR_PRJ.dv,3,0.371,0.124,0.363,8.361,0,1.292,1885042,NEDD1-C1,30.861,0,0.190,2.126
c:1/2 - NEDD1141_NEDD1ab_I_019_SIR_PRJ.dv,3,0.349,0.116,0.342,24.823,0,1.487,1885043,NEDD1-C1,57.678,0,0.179,1.779
c:1/2 - NEDD1141_NEDD1ab_I_022_SIR_PRJ.dv,3,0.378,0.126,0.369,3.430,0,1.320,1885044,NEDD1-C1,29.217,0,0.348,1.523
c:1/2 - NEDD1141_NEDD1ab_I_023_SIR_PRJ.dv,6,0.451,0.075,0.441,7.806,0,0.886,1885045,NEDD1-C1,20.883,0,0.183,2.349
c:1/2 - NEDD1141_NEDD1ab_I_024_SIR_PRJ.dv,6,0.465,0.077,0.455,4.857,0,0.866,1885046,NEDD1-C1,19.857,0,0.197,2.675
c:1/2 - NEDD1141_NEDD1ab_I_025_SIR_PRJ.dv,1,0.426,0.426,0.417,1.771,0,4.015,1885047,NEDD1-C1,1.771,0,0.426,4.278
c:1/2 - NEDD1141_NEDD1ab_I_026_SIR_PRJ.dv,2,0.314,0.157,0.307,16.585,0,1.554,1885048,NEDD1-C1,29.024,0,0.193,1.805
c:1/2 - NEDD1141_NEDD1ab_I_027_SIR_PRJ.dv,2,0.253,0.126,0.247,2.525,0,1.368,1885049,NEDD1-C1,2.525,0,0.186,2.170
c:1/2 - NEDD1141_NEDD1ab_I_028_SIR_PRJ.dv,4,0.490,0.122,0.479,9.107,0,1.466,1885050,NEDD1-C1,80.086,0,0.208,2.542
c:1/2 - NEDD1141_NEDD1ab_I_029_SIR_PRJ.dv,7,0.321,0.046,0.314,5.100,0,0.750,1885051,NEDD1-C1,21.730,0,0.156,1.429
c:1/2 - NEDD1ab_NEDD1141_I_001_SIR_PRJ.dv,3,0.334,0.111,0.327,8.315,0,1.365,1885052,NEDD1-C1,8.315,0,0.426,1.637
c:1/2 - NEDD1ab_NEDD1141_I_002_SIR_PRJ.dv,7,0.325,0.046,0.317,19.367,0,0.939,1885053,NEDD1-C1,19.367,0,0.223,1.577
c:1/2 - NEDD1ab_NEDD1141_I_003_SIR_PRJ.dv,12,0.571,0.048,0.558,2.576,0,0.777,1885054,NEDD1-C1,2.576,0,0.254,2.145
c:1/2 - NEDD1ab_NEDD1141_I_004_SIR_PRJ.dv,10,0.585,0.059,0.572,6.939,0,0.791,1885055,NEDD1-C1,6.939,0,0.229,2.146
c:1/2 - NEDD1ab_NEDD1141_I_005_SIR_PRJ.dv,21,0.616,0.029,0.603,34.576,0,0.638,1885056,NEDD1-C1,52.606,0,0.208,2.176
c:1/2 - NEDD1ab_NEDD1141_I_006_SIR_PRJ.dv,6,0.351,0.059,0.343,4.554,0,0.820,1885057,NEDD1-C1,14.754,0,0.186,1.578
c:1/2 - NEDD1ab_NEDD1141_I_008_SIR_PRJ.dv,19,0.534,0.028,0.522,7.500,0,0.648,1885058,NEDD1-C1,40.194,0,0.370,2.206
c:1/2 - NEDD1ab_NEDD1141_I_010_SIR_PRJ.dv,15,0.526,0.035,0.514,2.576,0,0.668,1885059,NEDD1-C1,2.576,0,0.167,1.895
c:1/2 - NEDD1ab_NEDD1141_I_011_SIR_PRJ.dv,19,0.629,0.033,0.615,7.887,0,0.653,1885060,NEDD1-C1,22.054,0,0.225,2.152
c:1/2 z:1/18 - NEDD1ab_NEDD1141_I_012_SIR.dv,1,101.980,101.980,99.733,255,255,40.355,1885061,NEDD1-C1,18826.679,255,102.253,7344.720
c:1/2 z:2/18 - NEDD1ab_NEDD1141_I_012_SIR.dv,1,101.920,101.920,99.675,255,255,40.355,1885061,NEDD1-C1,18826.679,255,102.253,7344.720
c:1/2 z:3/18 - NEDD1ab_NEDD1141_I_012_SIR.dv,1,101.697,101.697,99.457,255,255,40.355,1885061,NEDD1-C1,18826.679,255,102.253,7344.720
c:1/2 z:4/18 - NEDD1ab_NEDD1141_I_012_SIR.dv,1,101.486,101.486,99.251,255,255,40.355,1885061,NEDD1-C1,18826.679,255,102.253,7344.720
c:1/2 z:5/18 - NEDD1ab_NEDD1141_I_012_SIR.dv,1,101.599,101.599,99.361,255,255,40.355,1885061,NEDD1-C1,18826.679,255,102.253,7344.720
c:1/2 z:6/18 - NEDD1ab_NEDD1141_I_012_SIR.dv,1,101.114,101.114,98.886,255,255,40.421,1885061,NEDD1-C1,18826.679,255,102.253,7344.720
c:1/2 z:7/18 - NEDD1ab_NEDD1141_I_012_SIR.dv,1,101.596,101.596,99.358,255,255,40.421,1885061,NEDD1-C1,18826.679,255,102.253,7344.720
c:1/2 z:8/18 - NEDD1ab_NEDD1141_I_012_SIR.dv,1,101.845,101.845,99.602,255,255,40.355,1885061,NEDD1-C1,18826.679,255,102.253,7344.720
c:1/2 z:9/18 - NEDD1ab_NEDD1141_I_012_SIR.dv,1,100.825,100.825,98.604,255,255,40.355,1885061,NEDD1-C1,18826.679,255,102.253,7344.720
c:1/2 z:10/18 - NEDD1ab_NEDD1141_I_012_SIR.dv,1,101.185,101.185,98.956,255,255,40.355,1885061,NEDD1-C1,18826.679,255,102.253,7344.720
c:1/2 z:11/18 - NEDD1ab_NEDD1141_I_012_SIR.dv,1,101.100,101.100,98.872,255,255,40.388,1885061,NEDD1-C1,18826.679,255,102.253,7344.720
c:1/2 z:12/18 - NEDD1ab_NEDD1141_I_012_SIR.dv,1,101.491,101.491,99.255,255,255,40.388,1885061,NEDD1-C1,18826.679,255,102.253,7344.720
c:1/2 z:13/18 - NEDD1ab_NEDD1141_I_012_SIR.dv,1,101.788,101.788,99.545,255,255,40.355,1885061,NEDD1-C1,18826.679,255,102.253,7344.720
c:1/2 z:14/18 - NEDD1ab_NEDD1141_I_012_SIR.dv,1,101.700,101.700,99.460,255,255,40.355,1885061,NEDD1-C1,18826.679,255,102.253,7344.720
c:1/2 z:15/18 - NEDD1ab_NEDD1141_I_012_SIR.dv,1,101.265,101.265,99.034,255,255,40.355,1885061,NEDD1-C1,18826.679,255,102.253,7344.720
c:1/2 z:16/18 - NEDD1ab_NEDD1141_I_012_SIR.dv,1,101.975,101.975,99.728,255,255,40.355,1885061,NEDD1-C1,18826.679,255,102.253,7344.720
c:1/2 z:17/18 - NEDD1ab_NEDD1141_I_012_SIR.dv,1,101.689,101.689,99.449,255,255,40.500,1885061,NEDD1-C1,18826.679,255,102.253,7344.720
c:1/2 z:18/18 - NEDD1ab_NEDD1141_I_012_SIR.dv,1,101.939,101.939,99.693,255,255,40.355,1885061,NEDD1-C1,18826.679,255,102.253,7344.720
c:1/2 - NEDD1ab_NEDD1141_I_013_SIR_PRJ.dv,7,0.459,0.066,0.449,0,0,0.907,1885062,NEDD1-C1,0,0,0.222,1.990
c:1/2 - NEDD1ab_NEDD1141_I_015_SIR_PRJ.dv,11,0.392,0.036,0.383,6.955,0,0.702,1885063,NEDD1-C1,30.615,0,0.201,1.575
c:1/2 - NEDD1ab_NEDD1141_I_016_SIR_PRJ.dv,21,0.699,0.033,0.684,2.090,0,0.677,1885064,NEDD1-C1,19.940,0,0.381,2.342
c:1/2 - NEDD1ab_NEDD1141_I_019_SIR_PRJ.dv,19,0.676,0.036,0.661,21.250,0,0.633,1885065,NEDD1-C1,23.340,0,0.237,2.313
c:1/2 - NEDD1ab_NEDD1141_I_022_SIR_PRJ.dv,25,0.871,0.035,0.213,15.412,0,0.730,1885066,NEDD1-C1,26.086,255,0.335,2.425
c:1/2 - NEDD1ab_NEDD1141_I_024_SIR_PRJ.dv,21,0.780,0.037,0.763,41.836,0,0.765,1885067,NEDD1-C1,93.148,255,0.200,2.484
c:1/2 - NEDD1ab_NEDD1141_I_025_SIR_PRJ.dv,7,0.398,0.057,0.389,7.650,0,0.845,1885068,NEDD1-C1,7.650,0,0.203,1.583
c:1/2 - NEDD1ab_NEDD1141_I_033_SIR_PRJ.dv,32,1.159,0.036,1.134,38.958,0,0.807,1885069,NEDD1-C1,46.372,255,0.215,3.150
c:1/2 - NEDD1ab_NEDD1141_I_034_SIR_PRJ.dv,31,1.003,0.032,0.981,8.160,0,0.760,1885070,NEDD1-C1,33.123,0,0.195,2.881
c:1/3 - ALX_NEDD1_PCNT_20100521_Fri-1101_0_SIR_PRJ_615_525_x,4,56252375.375,14063093.844,0.690,7.338,0,13514.705,1885071,NEDD1-C1,19.130,0,51896550.926,161041095.678
c:1/3 - ALX_NEDD1_PCNT_20100521_Fri-1104_0_SIR_PRJ_615_525_x,4,51523195.500,12880798.875,0.632,2.749,0,14710.299,1885072,NEDD1-C1,2.749,0,6098155.864,141626558.638
c:1/3 - ALX_NEDD1_PCNT_20100521_Fri-1109_0_SIR_PRJ_615_525_x,3,47665179.000,15888393.000,0.584,5.730,0,14263.566,1885073,NEDD1-C1,5.730,255,2489043.210,152578348.763
c:1/3 - ALX_NEDD1_PCNT_20100521_Fri-1112_0_SIR_PRJ_615_525_x,5,56127923.750,11225584.750,0.688,16.958,0,13554.262,1885074,NEDD1-C1,18.432,255,50527577.160,158552052.467
c:1/3 - ALX_NEDD1_PCNT_20100521_Fri-1116_0_SIR_PRJ_615_525_x,8,77160339.750,9645042.469,0.946,3.984,0,12933.874,1885075,NEDD1-C1,11.048,255,4106921.296,213933263.888
c:1/3 - ALX_NEDD1_PCNT_20100521_Fri-1118_0_SIR_PRJ_615_525_x,15,79649381.625,5309958.775,0.977,22.768,0,8873.216,1885076,NEDD1-C1,66.371,0,6844868.827,226627384.254
c:1/3 - ALX_NEDD1_PCNT_20100521_Fri-1121_0_SIR_PRJ_615_525_x,32,177842140.000,5557566.875,2.180,5.709,0,8804.169,1885077,NEDD1-C1,20.576,0,9707268.519,424755223.761
c:1/3 - ALX_NEDD1_PCNT_20100521_Fri-1128_0_SIR_PRJ_615_525_x,8,59239228.500,7404903.562,0.726,6.538,0,10019.786,1885078,NEDD1-C1,22.311,0,4853634.259,205470516.973
c:1/2 - siCTRL_PCNT_NEDD1_20100507_Fri-1628_0_SIR_PRJ.dv,3,0.433,0.144,0.421,41.074,0,1.360,1885079,NEDD1-C1,72.949,0,0.234,2.337
c:1/2 - siCTRL_PCNT_NEDD1_20100507_Fri-1637_0_SIR_PRJ.dv,2,0.554,0.277,0.539,20.565,0,2.602,1885080,NEDD1-C1,44.565,0,0.375,2.965
c:1/2 - siCTRL_PCNT_NEDD1_20100507_Fri-1643_0_SIR_PRJ.dv,2,0.888,0.444,0.864,28.688,0,3.673,1885081,NEDD1-C1,29.602,0,0.875,3.029
c:1/2 - siCTRL_PCNT_NEDD1_20100507_Fri-1702_0_SIR_PRJ.dv,8,0.786,0.098,0.764,28.769,0,1.155,1885082,NEDD1-C1,46.560,0,0.306,3.401
c:1/2 - siCTRL_PCNT_NEDD1_20100507_Fri-1725_0_SIR_PRJ.dv,3,0.552,0.184,0.537,4.009,0,1.545,1885083,NEDD1-C1,37.759,0,0.499,1.841
c:1/2 - siCTRL_PCNT_NEDD1_20100507_Fri-1732_0_SIR_PRJ.dv,3,0.497,0.166,0.484,6.755,0,1.423,1885084,NEDD1-C1,11.690,0,0.474,2.302
c:1/2 - siCTRL_PCNT_NEDD1_20100507_Fri-1737_0_SIR_PRJ.dv,2,0.648,0.324,0.630,9.515,0,3.344,1885085,NEDD1-C1,9.515,0,0.630,2.435
c:1/2 - siCTRL_PCNT_NEDD1_20100507_Fri-1743_0_SIR_PRJ.dv,4,0.547,0.137,0.533,11.591,0,1.601,1885086,NEDD1-C1,23.465,0,0.260,2.633
c:1/2 - siCTRL_PCNT_NEDD1_20100507_Fri-1747_0_SIR_PRJ.dv,3,0.387,0.129,0.377,8.226,0,1.689,1885087,NEDD1-C1,10.333,0,0.342,3.112
c:1/2 - N20_PCNTab_ctrl_20110618_Sat-1400_0_SIR_PRJ.dv,2,0.447,0.223,0.435,8.644,0,1.866,1885088,PCNT-N1,24.053,0,0.303,1.862
c:1/2 - N20_PCNTab_ctrl_20110618_Sat-1403_0_SIR_PRJ.dv,1,0.546,0.546,0.531,4.322,0,4.259,1885089,PCNT-N1,4.322,0,0.605,2.361
c:1/2 - N20_PCNTab_ctrl_20110618_Sat-1407_0_SIR_PRJ.dv,4,0.517,0.129,0.504,17.727,0,1.770,1885090,PCNT-N1,31.979,0,0.351,2.347
c:1/2 - N20_PCNTab_ctrl_20110618_Sat-1414_0_SIR_PRJ.dv,2,0.552,0.276,0.537,3.312,0,2.022,1885091,PCNT-N1,4.936,0,0.325,2.302
c:1/2 - N20_PCNTab_ctrl_20110618_Sat-1459_0_SIR_PRJ.dv,2,0.433,0.216,0.421,5.397,0,2.258,1885092,PCNT-N1,43.148,0,0.296,1.916
c:1/2 - N20_PCNTab_ctrl_20110618_Sat-1504_0_SIR_PRJ.dv,4,0.434,0.109,0.423,6.711,0,1.467,1885093,PCNT-N1,30.654,0,0.328,2.091
c:1/2 - N20_PCNTab_ctrl_20110618_Sat-1510_0_SIR_PRJ.dv,3,0.613,0.204,0.597,5.440,0,2.102,1885094,PCNT-N1,8.412,0,0.673,2.820
c:1/2 - N20_PCNTab_ctrl_20110618_Sat-1516_0_SIR_PRJ.dv,3,0.582,0.194,0.566,8.987,0,1.776,1885095,PCNT-N1,15.380,0,0.712,2.615
c:1/2 - PCNT_gtub_I_003_SIR_PRJ.dv,3,0.569,0.190,0.557,4.250,0,1.965,1885096,PCNT-N1,7.562,255,0.481,2.103
c:1/2 - PCNT_gtub_I_004_SIR_PRJ.dv,7,0.646,0.092,0.632,6.120,0,1.107,1885097,PCNT-N1,22.201,255,0.346,1.858
c:1/2 - PCNT_gtub_I_005_SIR_PRJ.dv,3,0.545,0.182,0.533,8.279,0,1.566,1885098,PCNT-N1,45.918,255,0.307,1.991
c:1/2 - PCNT_gtub_I_007_SIR_PRJ.dv,8,0.571,0.071,0.558,7.589,0,1.014,1885099,PCNT-N1,56.160,0,0.262,1.960
c:1/2 - PCNT_gtub_I_010_SIR_PRJ.dv,4,0.585,0.146,0.572,16.029,0,1.310,1885100,PCNT-N1,16.029,0,0.546,2.202
c:1/2 - PCNT_gtub_I_011_SIR_PRJ.dv,2,0.599,0.300,0.586,6.120,0,2.142,1885101,PCNT-N1,7.401,255,0.310,2.046
c:1/2 - PCNT_gtub_I_015_SIR_PRJ.dv,4,0.604,0.151,0.591,6.830,0,1.517,1885102,PCNT-N1,6.830,0,0.524,2.130
c:1/2 - PCNT_gtub_I_017_SIR_PRJ.dv,5,0.488,0.098,0.478,7.234,0,1.139,1885103,PCNT-N1,7.234,0,0.459,1.902
c:1/2 - PCNT_gtub_I_018_SIR_PRJ.dv,2,0.473,0.236,0.462,0,0,1.817,1885104,PCNT-N1,0,0,0.456,1.752
c:1/2 - PCNT_gtub_I_019_SIR_PRJ.dv,7,0.672,0.096,0.658,14.506,0,1.042,1885105,PCNT-N1,14.506,0,0.521,2.230
c:1/2 - PCNT_gtub_I_020_SIR_PRJ.dv,3,0.560,0.187,0.548,8.226,0,1.519,1885106,PCNT-N1,9.815,0,0.559,2.244
c:1/2 - PCNT_gtub_I_023_SIR_PRJ.dv,3,0.515,0.172,0.504,53.125,0,1.663,1885107,PCNT-N1,97.587,0,0.304,2.126
c:1/2 - PCNT_gtub_I_024_SIR_PRJ.dv,9,1.570,0.174,1.535,20.551,0,1.620,1885108,PCNT-N1,21.361,255,1.375,4.230
c:1/2 - PCNT_gtub_I_025_SIR_PRJ.dv,4,0.504,0.126,0.493,12.593,0,1.371,1885109,PCNT-N1,23.368,0,0.292,2.071
c:1/2 - PCNT_gtub_I_031_SIR_PRJ.dv,2,0.738,0.369,0.722,2.760,0,2.826,1885110,PCNT-N1,2.760,0,0.721,2.452
c:1/2 - PCNT_gtub_I_032_SIR_PRJ.dv,2,0.663,0.332,0.648,0,0,2.326,1885111,PCNT-N1,0,0,0.641,2.350
c:1/2 - PCNT_gtub_I_035_SIR_PRJ.dv,4,0.643,0.161,0.629,8.388,0,1.513,1885112,PCNT-N1,8.388,0,0.353,2.146
c:1/2 - PCNT_gtub_I_039_SIR_PRJ.dv,3,0.348,0.116,0.340,0,0,1.742,1885113,PCNT-N1,0,0,0.442,1.578
c:1/2 - PCNT_gtub_I_041_SIR_PRJ.dv,4,0.568,0.142,0.555,2.982,0,1.312,1885114,PCNT-N1,15.732,0,0.281,2.123
c:1/2 - PCNT_gtub_I_042_SIR_PRJ.dv,2,0.367,0.183,0.359,9.387,0,1.810,1885115,PCNT-N1,9.387,0,0.254,1.501
c:1/2 - PCNT_gtub_I_044_SIR_PRJ.dv,2,0.744,0.372,0.728,6.935,0,3.411,1885116,PCNT-N1,6.935,0,0.746,2.630
c:1/2 - PCNT_gtub_I_047_SIR_PRJ.dv,9,0.627,0.070,0.613,1.214,0,0.956,1885117,PCNT-N1,1.214,0,0.328,2.164
c:1/2 - PCNT_gtub_I_050_SIR_PRJ.dv,3,0.867,0.289,0.848,6.153,0,2.041,1885118,PCNT-N1,20.621,0,0.582,3.012
c:1/2 - siCTRL_PCNT_NEDD1_20100507_Fri-1628_0_SIR_PRJ.dv,3,0.433,0.144,0.421,41.074,0,1.360,1885119,PCNT-N1,72.949,0,0.234,2.337
c:1/2 - siCTRL_PCNT_NEDD1_20100507_Fri-1637_0_SIR_PRJ.dv,2,0.554,0.277,0.539,20.565,0,2.602,1885120,PCNT-N1,44.565,0,0.375,2.965
c:1/2 - siCTRL_PCNT_NEDD1_20100507_Fri-1643_0_SIR_PRJ.dv,2,0.888,0.444,0.864,28.688,0,3.673,1885121,PCNT-N1,29.602,0,0.875,3.029
c:1/2 - siCTRL_PCNT_NEDD1_20100507_Fri-1702_0_SIR_PRJ.dv,8,0.786,0.098,0.764,28.769,0,1.155,1885122,PCNT-N1,46.560,0,0.306,3.401
c:1/2 - siCTRL_PCNT_NEDD1_20100507_Fri-1725_0_SIR_PRJ.dv,3,0.552,0.184,0.537,4.009,0,1.545,1885123,PCNT-N1,37.759,0,0.499,1.841
c:1/2 - siCTRL_PCNT_NEDD1_20100507_Fri-1732_0_SIR_PRJ.dv,3,0.497,0.166,0.484,6.755,0,1.423,1885124,PCNT-N1,11.690,0,0.474,2.302
c:1/2 - siCTRL_PCNT_NEDD1_20100507_Fri-1737_0_SIR_PRJ.dv,2,0.648,0.324,0.630,9.515,0,3.344,1885125,PCNT-N1,9.515,0,0.630,2.435
c:1/2 - siCTRL_PCNT_NEDD1_20100507_Fri-1743_0_SIR_PRJ.dv,4,0.547,0.137,0.533,11.591,0,1.601,1885126,PCNT-N1,23.465,0,0.260,2.633
c:1/2 - siCTRL_PCNT_NEDD1_20100507_Fri-1747_0_SIR_PRJ.dv,3,0.387,0.129,0.377,8.226,0,1.689,1885127,PCNT-N1,10.333,0,0.342,3.112
c:1/2 - PCNTab_N20_ctrl_20110617_Fri-1120_0_SIR_PRJ.dv,4,0.434,0.109,0.423,16.913,0,1.379,1885128,PCNT-N1,32.462,0,0.386,1.980
c:1/2 - PCNTab_N20_ctrl_20110617_Fri-1129_0_SIR_PRJ.dv,5,0.712,0.142,0.693,28.184,0,1.559,1885129,PCNT-N1,44.814,0,0.649,2.665
c:1/2 - PCNTab_N20_ctrl_20110617_Fri-1136_0_SIR_PRJ.dv,3,0.467,0.156,0.455,2.752,0,1.292,1885130,PCNT-N1,4.736,255,0.436,1.742
c:1/2 - PCNTab_N20_ctrl_20110617_Fri-1139_0_SIR_PRJ.dv,8,0.676,0.084,0.658,8.925,0,1.153,1885131,PCNT-N1,27.674,0,0.314,2.711
c:1/2 - PCNTab_N20_ctrl_20110617_Fri-1146_0_SIR_PRJ.dv,5,0.618,0.124,0.601,9.043,0,1.216,1885132,PCNT-N1,12.246,255,0.304,2.095
c:1/2 - PCNTab_N20_ctrl_20110617_Fri-1242_0_SIR_PRJ.dv,2,0.381,0.191,0.371,7.969,0,1.826,1885133,PCNT-N1,18.506,0,0.401,1.645
c:1/2 - PCNTab_N20_ctrl_20110617_Fri-1256_0_SIR_PRJ.dv,2,0.499,0.249,0.485,8.306,0,2.029,1885134,PCNT-N1,12.123,0,0.524,2.235
c:1/2 - PCNTab_N20_ctrl_20110617_Fri-1259_0_SIR_PRJ.dv,5,0.732,0.146,0.713,14.743,0,1.535,1885135,PCNT-N1,29.280,0,0.732,3.127
c:1/2 - PCNTab_N20_ctrl_20110617_Fri-1307_0_SIR_PRJ.dv,8,0.662,0.083,0.644,6.986,0,1.255,1885136,PCNT-N1,8.834,0,0.433,2.688
c:1/2 - PCNTab_N20_ctrl_20110617_Fri-1311_0_SIR_PRJ.dv,3,0.555,0.185,0.540,5.484,0,1.782,1885137,PCNT-N1,9.849,0,0.292,2.335
c:1/2 - PCNTab_N20_ctrl_20110617_Fri-1314_0_SIR_PRJ.dv,4,0.566,0.142,0.551,6.312,0,1.312,1885138,PCNT-N1,52.072,255,0.317,2.176
c:1/2 - PCNTab_N20_ctrl_20110617_Fri-1319_0_SIR_PRJ.dv,5,0.409,0.082,0.398,5.134,0,1.038,1885139,PCNT-N1,6.917,0,0.234,1.666
c:1/2 - PCNTab_N20_ctrl_20110617_Fri-1324_0_SIR_PRJ.dv,2,0.635,0.318,0.618,0.661,0,2.475,1885140,PCNT-N1,1.307,0,0.619,2.588
c:1/2 - 141_gtub_001_SIR_PRJ.dv,5,0.409,0.082,0.400,4.722,0,1.004,1885141,TUBG1-N,13.416,255,0.481,1.779
c:1/2 - 141_gtub_007_SIR_PRJ.dv,3,0.314,0.105,0.307,1.175,0,1.155,1885142,TUBG1-N,1.175,255,0.339,1.302
c:1/2 - 141_gtub_008_SIR_PRJ.dv,1,0.245,0.245,0.240,12.364,0,2.508,1885143,TUBG1-N,12.364,0,0.359,1.220
c:1/2 - 141_gtub_012_SIR_PRJ.dv,6,0.353,0.059,0.345,2.684,0,0.814,1885144,TUBG1-N,16.543,0,0.184,1.451
c:1/2 - 141_gtub_013_SIR_PRJ.dv,1,0.412,0.412,0.403,0,0,3.597,1885145,TUBG1-N,0,0,0.520,1.898
c:1/2 - 141_gtub_014_SIR_PRJ.dv,6,0.429,0.072,0.420,8.870,0,0.894,1885146,TUBG1-N,25.960,255,0.371,1.587
c:1/2 - 141_gtub_016_SIR_PRJ.dv,3,0.282,0.094,0.276,10.851,0,1.349,1885147,TUBG1-N,10.851,0,0.292,1.673
c:1/2 - 141_gtub_017_SIR_PRJ.dv,3,0.364,0.121,0.356,13.077,0,1.401,1885148,TUBG1-N,13.077,0,0.495,1.726
c:1/2 - 141_gtub_018_SIR_PRJ.dv,2,0.379,0.190,0.371,2.297,0,1.952,1885149,TUBG1-N,4.200,0,0.506,1.774
c:1/2 - 141_gtub_019_SIR_PRJ.dv,4,0.456,0.114,0.446,1.835,0,1.270,1885150,TUBG1-N,1.835,0,0.286,2.026
c:1/2 - 141_gtub_023_SIR_PRJ.dv,6,0.374,0.062,0.366,23.906,0,0.835,1885151,TUBG1-N,33.906,0,0.228,1.644
c:1/2 - 141_gtub_024_SIR_PRJ.dv,5,0.232,0.046,0.227,8.226,0,0.898,1885152,TUBG1-N,16.803,255,0.190,1.205
c:1/2 - 141_gtub_026_SIR_PRJ.dv,3,0.509,0.170,0.497,8.933,0,1.846,1885153,TUBG1-N,8.933,0,0.608,2.289
c:1/2 - 141_gtub_027_SIR_PRJ.dv,2,0.357,0.179,0.349,4.215,0,1.661,1885154,TUBG1-N,4.215,0,0.506,1.807
c:1/2 - 141_gtub_028_SIR_PRJ.dv,4,0.454,0.114,0.444,8.861,0,1.200,1885155,TUBG1-N,10.189,0,0.599,2.151
c:1/2 - 141_gtub_032_SIR_PRJ.dv,7,0.501,0.072,0.490,13.994,0,0.887,1885156,TUBG1-N,13.994,255,0.512,2.074
c:1/2 - 141_gtub_033_SIR_PRJ.dv,6,0.504,0.084,0.493,4.026,0,0.979,1885157,TUBG1-N,7.722,255,0.323,2.237
c:1/2 - gtub_NEDD1141_I_001_SIR_PRJ.dv,1,0.343,0.343,0.336,2.297,0,2.716,1885158,TUBG1-N,2.297,0,0.346,1.029
c:1/2 - gtub_NEDD1141_I_002_SIR_PRJ.dv,1,0.465,0.465,0.455,4.474,0,3.656,1885159,TUBG1-N,15.642,0,0.465,1.819
c:1/2 - gtub_NEDD1141_I_003_SIR_PRJ.dv,2,0.615,0.307,0.601,20.482,0,1.984,1885160,TUBG1-N,21.144,255,0.601,1.978
c:1/2 - gtub_NEDD1141_I_005_SIR_PRJ.dv,1,0.513,0.513,0.502,2.189,0,3.558,1885161,TUBG1-N,3.730,0,0.516,1.967
c:1/2 - gtub_NEDD1141_I_008_SIR_PRJ.dv,1,0.412,0.412,0.403,0,0,3.610,1885162,TUBG1-N,0,0,0.412,1.722
c:1/2 - gtub_NEDD1141_I_009_SIR_PRJ.dv,2,0.428,0.214,0.418,9.871,0,1.863,1885163,TUBG1-N,18.324,0,0.242,1.755
c:1/2 - gtub_NEDD1141_I_010_SIR_PRJ.dv,2,0.449,0.225,0.439,0,0,1.940,1885164,TUBG1-N,0,0,0.242,1.820
c:1/2 - gtub_NEDD1141_I_011_SIR_PRJ.dv,2,0.403,0.201,0.394,0,0,1.868,1885165,TUBG1-N,0,0,0.215,1.462
c:1/2 - gtub_NEDD1141_I_014_SIR_PRJ.dv,2,0.415,0.208,0.406,7.150,0,1.717,1885166,TUBG1-N,7.150,0,0.225,1.495
c:1/2 - gtub_NEDD1141_I_015_SIR_PRJ.dv,3,0.396,0.132,0.388,24.286,0,1.341,1885167,TUBG1-N,37.363,0,0.200,1.240
c:1/2 - gtub_NEDD1141_I_016_SIR_PRJ.dv,1,0.488,0.488,0.478,3.714,0,3.778,1885168,TUBG1-N,4.526,255,0.490,1.836
c:1/2 - gtub_NEDD1141_I_017_SIR_PRJ.dv,1,0.499,0.499,0.488,0,0,3.913,1885169,TUBG1-N,0,0,0.499,2.052
c:1/2 - gtub_NEDD1141_I_020_SIR_PRJ.dv,2,0.318,0.159,0.311,27.717,0,2.410,1885170,TUBG1-N,27.717,0,0.245,1.683
c:1/2 - gtub_NEDD1141_I_021_SIR_PRJ.dv,2,0.451,0.225,0.441,2.217,0,2.058,1885171,TUBG1-N,2.217,0,0.232,1.895
c:1/2 - gtub_NEDD1141_I_023_SIR_PRJ.dv,2,0.360,0.180,0.352,2.125,0,1.856,1885172,TUBG1-N,15.091,0,0.187,1.396
c:1/2 - gtub_NEDD1141_I_024_SIR_PRJ.dv,1,0.530,0.530,0.519,1.796,0,4.340,1885173,TUBG1-N,1.796,0,0.530,2.006
c:1/2 - gtub_NEDD1141_I_025_SIR_PRJ.dv,2,0.403,0.201,0.394,0,0,2.045,1885174,TUBG1-N,0,0,0.225,1.262
c:1/2 - gtub_NEDD1141_I_026_SIR_PRJ.dv,2,0.342,0.171,0.334,8.500,0,1.598,1885175,TUBG1-N,8.500,0,0.206,1.076
c:1/2 - gtub_NEDD1141_I_028_SIR_PRJ.dv,1,0.510,0.510,0.499,0,0,3.419,1885176,TUBG1-N,0,0,0.510,2.004
c:1/2 - gtub_NEDD1141_I_030_SIR_PRJ.dv,3,0.601,0.200,0.587,2.865,0,1.825,1885177,TUBG1-N,6.204,0,0.317,2.312
c:1/2 - gtub_PCNT_I_002_SIR_PRJ.dv,2,0.343,0.172,0.336,25.972,0,1.633,1885178,TUBG1-N,27.735,0,0.677,2.257
c:1/2 - gtub_PCNT_I_004_SIR_PRJ.dv,2,0.371,0.186,0.363,20.565,0,1.738,1885179,TUBG1-N,38.356,0,0.290,1.903
c:1/2 - gtub_PCNT_I_005_SIR_PRJ.dv,3,0.498,0.166,0.487,6.981,0,1.469,1885180,TUBG1-N,10.286,0,0.969,3.079
c:1/2 - gtub_PCNT_I_008_SIR_PRJ.dv,1,0.473,0.473,0.462,34.000,0,3.708,1885181,TUBG1-N,34.839,255,0.562,2.030
c:1/2 - gtub_PCNT_I_012_SIR_PRJ.dv,2,0.251,0.126,0.246,3.355,0,1.126,1885182,TUBG1-N,5.905,0,0.335,1.880
c:1/2 - gtub_PCNT_I_013_SIR_PRJ.dv,3,0.420,0.140,0.410,4.048,0,1.289,1885183,TUBG1-N,15.232,0,0.295,1.973
c:1/2 - gtub_PCNT_I_014_SIR_PRJ.dv,2,0.420,0.210,0.410,9.808,0,1.856,1885184,TUBG1-N,24.047,0,0.307,1.767
c:1/2 - gtub_PCNT_I_015_SIR_PRJ.dv,2,0.290,0.145,0.284,2.656,0,1.570,1885185,TUBG1-N,32.395,0,0.276,1.737
c:1/2 - gtub_PCNT_I_016_SIR_PRJ.dv,1,0.443,0.443,0.433,40.263,0,3.206,1885186,TUBG1-N,51.425,0,0.474,2.351
c:1/2 - gtub_PCNT_I_017_SIR_PRJ.dv,1,0.406,0.406,0.397,4.931,0,3.173,1885187,TUBG1-N,5.908,0,0.565,2.048
c:1/2 - gtub_PCNT_I_018_SIR_PRJ.dv,2,0.488,0.244,0.478,0,0,1.907,1885188,TUBG1-N,0,0,0.362,2.578
c:1/2 - gtub_PCNT_I_021_SIR_PRJ.dv,2,0.440,0.220,0.430,5.795,0,2.180,1885189,TUBG1-N,7.166,0,0.310,2.352
c:1/2 - gtub_PCNT_I_022_SIR_PRJ.dv,2,0.364,0.182,0.356,4.533,0,1.659,1885190,TUBG1-N,17.412,0,0.618,2.373
c:1/2 - gtub_PCNT_I_024_SIR_PRJ.dv,1,0.546,0.546,0.534,5.698,0,3.554,1885191,TUBG1-N,16.416,0,0.891,3.061
c:1/2 - gtub_PCNT_I_027_SIR_PRJ.dv,2,0.396,0.198,0.388,8.407,0,1.777,1885192,TUBG1-N,22.802,0,0.284,1.965
c:1/2 - gtub_PCNT_I_028_SIR_PRJ.dv,4,0.257,0.064,0.252,4.072,0,0.935,1885193,TUBG1-N,7.003,0,0.782,2.189
c:1/2 - gtub_PCNT_I_032_SIR_PRJ.dv,2,0.301,0.151,0.294,2.656,0,1.475,1885194,TUBG1-N,21.188,0,0.537,1.761
c:1/2 - gtub_PCNT_I_033_SIR_PRJ.dv,2,0.398,0.199,0.389,6.024,0,2.075,1885195,TUBG1-N,12.675,0,0.325,1.934
c:1/2 - gtub_PCNT_I_034_SIR_PRJ.dv,1,0.471,0.471,0.461,6.500,0,3.065,1885196,TUBG1-N,6.500,0,0.796,2.601
c:1/2 - gtub_PCNT_I_040_SIR_PRJ.dv,2,0.382,0.191,0.374,10.625,0,1.682,1885197,TUBG1-N,10.625,0,0.599,2.009
c:1/2 - PCNT_gtub_I_003_SIR_PRJ.dv,3,0.569,0.190,0.557,4.250,0,1.965,1885198,TUBG1-N,7.562,255,0.481,2.103
c:1/2 - PCNT_gtub_I_004_SIR_PRJ.dv,7,0.646,0.092,0.632,6.120,0,1.107,1885199,TUBG1-N,22.201,255,0.346,1.858
c:1/2 - PCNT_gtub_I_005_SIR_PRJ.dv,3,0.545,0.182,0.533,8.279,0,1.566,1885200,TUBG1-N,45.918,255,0.307,1.991
c:1/2 - PCNT_gtub_I_007_SIR_PRJ.dv,8,0.571,0.071,0.558,7.589,0,1.014,1885201,TUBG1-N,56.160,0,0.262,1.960
c:1/2 - PCNT_gtub_I_010_SIR_PRJ.dv,4,0.585,0.146,0.572,16.029,0,1.310,1885202,TUBG1-N,16.029,0,0.546,2.202
c:1/2 - PCNT_gtub_I_011_SIR_PRJ.dv,2,0.599,0.300,0.586,6.120,0,2.142,1885203,TUBG1-N,7.401,255,0.310,2.046
c:1/2 - PCNT_gtub_I_015_SIR_PRJ.dv,4,0.604,0.151,0.591,6.830,0,1.517,1885204,TUBG1-N,6.830,0,0.524,2.130
c:1/2 - PCNT_gtub_I_017_SIR_PRJ.dv,5,0.488,0.098,0.478,7.234,0,1.139,1885205,TUBG1-N,7.234,0,0.459,1.902
c:1/2 - PCNT_gtub_I_018_SIR_PRJ.dv,2,0.473,0.236,0.462,0,0,1.817,1885206,TUBG1-N,0,0,0.456,1.752
c:1/2 - PCNT_gtub_I_019_SIR_PRJ.dv,7,0.672,0.096,0.658,14.506,0,1.042,1885207,TUBG1-N,14.506,0,0.521,2.230
c:1/2 - PCNT_gtub_I_020_SIR_PRJ.dv,3,0.560,0.187,0.548,8.226,0,1.519,1885208,TUBG1-N,9.815,0,0.559,2.244
c:1/2 - PCNT_gtub_I_023_SIR_PRJ.dv,3,0.515,0.172,0.504,53.125,0,1.663,1885209,TUBG1-N,97.587,0,0.304,2.126
c:1/2 - PCNT_gtub_I_024_SIR_PRJ.dv,9,1.570,0.174,1.535,20.551,0,1.620,1885210,TUBG1-N,21.361,255,1.375,4.230
c:1/2 - PCNT_gtub_I_025_SIR_PRJ.dv,4,0.504,0.126,0.493,12.593,0,1.371,1885211,TUBG1-N,23.368,0,0.292,2.071
c:1/2 - PCNT_gtub_I_031_SIR_PRJ.dv,2,0.738,0.369,0.722,2.760,0,2.826,1885212,TUBG1-N,2.760,0,0.721,2.452
c:1/2 - PCNT_gtub_I_032_SIR_PRJ.dv,2,0.663,0.332,0.648,0,0,2.326,1885213,TUBG1-N,0,0,0.641,2.350
c:1/2 - PCNT_gtub_I_035_SIR_PRJ.dv,4,0.643,0.161,0.629,8.388,0,1.513,1885214,TUBG1-N,8.388,0,0.353,2.146
c:1/2 - PCNT_gtub_I_039_SIR_PRJ.dv,3,0.348,0.116,0.340,0,0,1.742,1885215,TUBG1-N,0,0,0.442,1.578
c:1/2 - PCNT_gtub_I_041_SIR_PRJ.dv,4,0.568,0.142,0.555,2.982,0,1.312,1885216,TUBG1-N,15.732,0,0.281,2.123
c:1/2 - PCNT_gtub_I_042_SIR_PRJ.dv,2,0.367,0.183,0.359,9.387,0,1.810,1885217,TUBG1-N,9.387,0,0.254,1.501
c:1/2 - PCNT_gtub_I_044_SIR_PRJ.dv,2,0.744,0.372,0.728,6.935,0,3.411,1885218,TUBG1-N,6.935,0,0.746,2.630
c:1/2 - PCNT_gtub_I_047_SIR_PRJ.dv,9,0.627,0.070,0.613,1.214,0,0.956,1885219,TUBG1-N,1.214,0,0.328,2.164
c:1/2 - PCNT_gtub_I_050_SIR_PRJ.dv,3,0.867,0.289,0.848,6.153,0,2.041,1885220,TUBG1-N,20.621,0,0.582,3.012
