Slice,Count,Total Area,Average Size,%Area,Mean,Mode,Perim.,Feret,FeretX,FeretY,FeretAngle,MinFeret,Dataset,Bounding_Box
c:3/3 - Centrin_PCNT_Cep215_20110506_Fri-1545_0_SIR_PRJ.dv,5,0.394,0.079,0.383,0,0,1.363,0.458,4.396,4.697,98.433,0.259,CDK5RAP2-C,0.373
c:3/3 - Centrin_PCNT_Cep215_20110506_Fri-1559_0_SIR_PRJ.dv,2,0.539,0.270,0.525,0,0,2.286,0.696,4.970,3.010,68.710,0.508,CDK5RAP2-C,1.082
c:3/3 - Centrin_PCNT_Cep215_20110506_Fri-1608_0_SIR_PRJ.dv,4,0.535,0.134,0.520,0,0,1.776,0.536,4.267,3.712,64.683,0.373,CDK5RAP2-C,0.722
c:3/3 - Centrin_PCNT_Cep215_20110506_Fri-1620_0_SIR_PRJ.dv,7,0.811,0.116,0.789,0,0,1.355,0.493,5.267,4.922,88.220,0.243,CDK5RAP2-C,1.818
c:3/3 - Centrin_PCNT_Cep215_20110506_Fri-1633_0_SIR_PRJ.dv,6,0.627,0.105,0.610,0,0,1.331,0.489,5.768,4.396,100.622,0.290,CDK5RAP2-C,0.744
c:3/3 - Centrin_PCNT_Cep215_20110506_Fri-1643_0_SIR_PRJ.dv,4,0.613,0.153,0.597,0,0,1.823,0.515,5.306,5.069,102.361,0.364,CDK5RAP2-C,1.224
c:3/3 - Centrin_PCNT_Cep215_20110506_Fri-1648_0_SIR_PRJ.dv,2,0.422,0.211,0.410,0,0,1.926,0.639,4.950,5.207,112.648,0.407,CDK5RAP2-C,0.719
c:1/2 - Ctrl_Cep215_NEDD1_20101116_Tue-1159_1_SIR_PRJ.dv,5,0.347,0.069,0.337,0,0,1.239,0.361,4.633,4.871,105.703,0.249,CDK5RAP2-C,0.613
c:1/2 - Ctrl_Cep215_NEDD1_20101116_Tue-1242_1_SIR_PRJ.dv,3,0.282,0.094,0.275,0,0,1.693,0.457,4.765,6.904,103.211,0.294,CDK5RAP2-C,0.824
c:1/2 - Ctrl_Cep215_NEDD1_20101116_Tue-1246_1_SIR_PRJ.dv,8,0.301,0.038,0.293,0,0,0.908,0.343,4.277,4.118,109.089,0.188,CDK5RAP2-C,0.536
c:1/2 - Ctrl_Cep215_NEDD1_20101116_Tue-1251_1_SIR_PRJ.dv,13,0.427,0.033,0.415,0,0,0.689,0.260,5.477,5.663,104.672,0.178,CDK5RAP2-C,0.226
c:1/3 - Cep215_PCNT_gtub_20110506_Fri-1701_0_SIR_PRJ.dv,17,0.866,0.051,0.842,0,0,0.779,0.327,3.415,4.442,52.724,0.197,CDK5RAP2-C,0.387
c:1/3 - Cep215_PCNT_gtub_20110506_Fri-1713_0_SIR_PRJ.dv,5,0.336,0.067,0.327,0,0,0.980,0.398,5.584,4.998,87.585,0.230,CDK5RAP2-C,0.353
c:1/3 - Cep215_PCNT_gtub_20110506_Fri-1721_0_SIR_PRJ.dv,5,0.804,0.161,0.783,0,0,2.174,0.640,5.504,5.433,88.047,0.355,CDK5RAP2-C,1.153
c:1/3 - Cep215_PCNT_gtub_20110506_Fri-1726_0_SIR_PRJ.dv,2,0.643,0.321,0.626,0,0,3.811,0.820,4.653,5.702,97.941,0.561,CDK5RAP2-C,1.553
c:1/3 - Cep215_PCNT_gtub_20110506_Fri-1733_0_SIR_PRJ.dv,2,0.321,0.161,0.313,0,0,2.624,0.546,4.594,4.277,139.457,0.470,CDK5RAP2-C,0.759
c:1/3 - Cep215_PCNT_gtub_20110506_Fri-1740_0_SIR_PRJ.dv,6,1.004,0.167,0.977,0,0,2.389,0.667,4.303,4.811,97.762,0.373,CDK5RAP2-C,0.734
c:1/3 - Cep215_PCNT_gtub_20110506_Fri-1751_0_SIR_PRJ.dv,6,0.268,0.045,0.261,0,0,0.991,0.375,6.329,5.933,109.201,0.222,CDK5RAP2-C,0.267
c:1/3 - Cep215_PCNT_NEDD1_20110505_Thu-1216_0_SIR_PRJ.dv,11,0.770,0.070,0.749,0,0,1.456,0.483,4.115,4.831,87.408,0.238,CDK5RAP2-C,0.636
c:1/3 - Cep215_PCNT_NEDD1_20110505_Thu-1241_0_SIR_PRJ.dv,4,0.321,0.080,0.313,0,0,1.096,0.368,4.148,6.079,89.318,0.247,CDK5RAP2-C,0.527
c:1/3 - Cep215_PCNT_NEDD1_20110505_Thu-1331_0_SIR_PRJ.dv,5,0.179,0.036,0.174,0,0,0.810,0.320,5.386,3.794,97.046,0.181,CDK5RAP2-C,0.245
c:1/3 - Cep215_PCNT_NEDD1_20110505_Thu-1403_0_SIR_PRJ.dv,8,0.190,0.024,0.185,0,0,0.607,0.265,3.435,3.906,90.046,0.134,CDK5RAP2-C,0.094
c:1/3 - Cep215_PCNT_NEDD1_20110505_Thu-1436_0_SIR_PRJ.dv,4,0.262,0.065,0.255,0,0,1.249,0.462,2.960,3.000,106.430,0.204,CDK5RAP2-C,0.428
c:1/3 - Cep215_PCNT_NEDD1_20110505_Thu-1441_0_SIR_PRJ.dv,5,0.497,0.099,0.484,0,0,1.560,0.485,4.578,4.910,94.600,0.314,CDK5RAP2-C,0.502
c:1/3 - Cep215_PCNT_NEDD1_20110505_Thu-1504_0_SIR_PRJ.dv,6,0.298,0.050,0.290,0,0,0.907,0.332,5.986,6.488,106.340,0.194,CDK5RAP2-C,0.453
c:1/3 - Cep215_PCNT_NEDD1_20110505_Thu-1511_0_SIR_PRJ.dv,8,0.544,0.068,0.529,0,0,1.053,0.407,5.732,4.549,110.898,0.204,CDK5RAP2-C,1.104
c:1/3 - Cep215_PCNT_NEDD1_20110505_Thu-1516_0_SIR_PRJ.dv,3,0.568,0.189,0.552,0,0,1.968,0.583,3.815,4.079,85.283,0.356,CDK5RAP2-C,0.889
c:1/3 - Cep215_PCNT_NEDD1_20110505_Thu-1529_0_SIR_PRJ.dv,3,0.480,0.160,0.467,0,0,1.839,0.544,4.409,5.082,101.711,0.342,CDK5RAP2-C,1.098
c:2/2 - siControl_N20_Cep215_I_20110411_Mon-1349_0_SIR_PRJ.d,4,0.906,0.227,0.882,0,0,2.183,0.576,2.346,5.148,129.662,0.356,CDK5RAP2-C,2.030
c:2/2 - siControl_N20_Cep215_I_20110411_Mon-1459_0_SIR_PRJ.d,3,0.867,0.289,0.844,0,0,2.666,0.705,3.656,4.950,110.298,0.493,CDK5RAP2-C,1.864
c:2/2 - siControl_N20_Cep215_I_20110411_Mon-1501_0_SIR_PRJ.d,5,0.682,0.136,0.664,0,0,1.539,0.523,6.764,5.718,126.922,0.281,CDK5RAP2-C,1.191
c:2/2 - siControl_N20_Cep215_I_20110411_Mon-1503_0_SIR_PRJ.d,1,0.539,0.539,0.525,0,0,4.375,1.465,4.237,5.148,71.075,0.868,CDK5RAP2-C,1.469
c:2/2 - siControl_N20_Cep215_I_20110411_Mon-1509_0_SIR_PRJ.d,3,0.379,0.126,0.369,0,0,1.637,0.546,3.485,3.960,104.420,0.356,CDK5RAP2-C,0.417
c:2/2 - Ctrl_Cep192_Cent_20101014_Thu-1301_1_SIR_PRJ.dv,2,0.125,0.063,0.122,0,0,1.112,0.348,4.970,5.188,77.612,0.285,CENT2,0.157
c:2/2 - Ctrl_Cep192_Cent_20101014_Thu-1315_1_SIR_PRJ.dv,5,0.169,0.034,0.165,0,0,0.654,0.274,5.029,4.712,118.921,0.169,CENT2,0.099
c:2/2 - Ctrl_Cep192_Cent_20101014_Thu-1318_1_SIR_PRJ.dv,3,0.158,0.053,0.154,0,0,0.925,0.378,3.524,3.881,58.031,0.208,CENT2,0.127
c:2/2 - Ctrl_Cep192_Cent_20101014_Thu-1438_1_SIR_PRJ.dv,9,0.287,0.032,0.279,0,0,0.671,0.268,5.038,3.771,118.028,0.162,CENT2,0.183
c:2/2 - Ctrl_Cep192_Cent_20101014_Thu-1443_1_SIR_PRJ.dv,3,0.138,0.046,0.134,0,0,0.768,0.303,4.448,4.805,84.743,0.207,CENT2,0.094
c:2/2 - Ctrl_Cep192_Cent_20101014_Thu-1446_1_SIR_PRJ.dv,3,0.089,0.030,0.087,0,0,0.585,0.240,5.003,5.518,63.040,0.172,CENT2,0.039
c:2/2 - Ctrl_Cep192_Cent_20101014_Thu-1452_1_SIR_PRJ.dv,4,0.133,0.033,0.130,0,0,0.699,0.291,5.148,4.505,54.110,0.193,CENT2,0.066
c:2/2 - NEDD1_Centrin_003_SIR_PRJ.dv,7,0.158,0.023,0.154,0,0,0.549,0.224,5.383,6.038,82.085,0.149,CENT2,0.084
c:2/2 - NEDD1_Centrin_004_SIR_PRJ.dv,20,0.515,0.026,0.504,0,0,0.567,0.237,6.725,1.876,118.126,0.161,CENT2,0.109
c:2/2 - NEDD1_Centrin_006_SIR_PRJ.dv,11,0.248,0.023,0.243,0,0,0.536,0.218,5.577,1.957,121.459,0.160,CENT2,0.063
c:2/2 - NEDD1_Centrin_009_SIR_PRJ.dv,6,0.144,0.024,0.140,0,0,0.539,0.223,4.437,2.910,104.801,0.164,CENT2,0.075
c:2/2 - NEDD1_Centrin_010_SIR_PRJ.dv,3,0.089,0.030,0.087,0,0,0.619,0.280,3.674,6.610,100.177,0.164,CENT2,0.077
c:2/2 - NEDD1_Centrin_012_SIR_PRJ.dv,8,0.234,0.029,0.229,0,0,0.616,0.260,4.409,3.930,115.951,0.169,CENT2,0.066
c:2/2 - NEDD1_Centrin_014_SIR_PRJ.dv,6,0.158,0.026,0.154,0,0,0.602,0.253,5.932,3.147,106.763,0.151,CENT2,0.063
c:2/2 - NEDD1_Centrin_016_SIR_PRJ.dv,5,0.179,0.036,0.175,0,0,0.740,0.311,6.462,4.701,112.976,0.165,CENT2,0.137
c:2/2 - NEDD1_Centrin_020_SIR_PRJ.dv,6,0.128,0.021,0.125,0,0,0.499,0.207,4.938,3.232,122.900,0.138,CENT2,0.031
c:2/2 - NEDD1_Centrin_026_SIR_PRJ.dv,19,0.438,0.023,0.429,0,0,0.536,0.221,5.270,4.840,112.956,0.152,CENT2,0.103
c:2/2 - NEDD1_Centrin_031_SIR_PRJ.dv,8,0.250,0.031,0.244,0,0,0.635,0.265,6.824,4.360,91.696,0.172,CENT2,0.112
c:2/2 - NEDD1_Centrin_043_SIR_PRJ.dv,5,0.133,0.027,0.130,0,0,0.581,0.242,3.057,4.179,138.931,0.157,CENT2,0.062
c:2/2 - NEDD1_Centrin_046_SIR_PRJ.dv,4,0.126,0.032,0.124,0,0,0.678,0.307,4.868,4.720,102.727,0.155,CENT2,0.084
c:2/2 - NEDD1_Centrin_048_SIR_PRJ.dv,16,0.526,0.033,0.514,0,0,0.642,0.265,3.604,5.468,122.135,0.174,CENT2,0.112
c:2/2 - NEDD1_Centrin_053_SIR_PRJ.dv,10,0.264,0.026,0.258,0,0,0.568,0.241,3.113,5.297,96.076,0.160,CENT2,0.125
c:1/2 - Cep120_gtub_001_SIR_PRJ.dv,2,0.212,0.106,0.208,0,0,1.207,0.444,6.261,3.851,102.627,0.336,CEP120/20111106,0.206
c:1/2 - Cep120_gtub_002_SIR_PRJ.dv,3,0.379,0.126,0.371,0,0,1.212,0.444,6.597,5.556,136.531,0.342,CEP120/20111106,0.244
c:1/2 - Cep120_gtub_007_SIR_PRJ.dv,3,0.187,0.062,0.183,0,0,0.915,0.319,3.055,5.714,108.448,0.243,CEP120/20111106,0.225
c:1/2 - Cep120_gtub_008_SIR_PRJ.dv,3,0.298,0.099,0.291,0,0,1.099,0.429,6.083,5.017,135.000,0.281,CEP120/20111106,0.281
c:1/2 - Cep120_gtub_009_SIR_PRJ.dv,2,0.197,0.098,0.192,0,0,1.086,0.404,5.056,5.846,140.152,0.316,CEP120/20111106,0.241
c:1/2 - Cep120_gtub_010_SIR_PRJ.dv,3,0.276,0.092,0.270,0,0,1.109,0.403,6.044,6.202,85.765,0.319,CEP120/20111106,0.244
c:1/2 - Cep120_gtub_015_SIR_PRJ.dv,1,0.240,0.240,0.235,0,0,1.940,0.680,3.950,5.688,35.538,0.539,CEP120/20111106,0.349
c:1/2 - Cep120_gtub_016_SIR_PRJ.dv,5,0.261,0.052,0.255,0,0,0.765,0.301,4.803,4.922,99.746,0.190,CEP120/20111106,0.264
c:1/2 - Cep120_gtub_020_SIR_PRJ.dv,3,0.181,0.060,0.177,0,0,0.842,0.349,5.978,5.201,127.556,0.224,CEP120/20111106,0.172
c:1/2 - Cep120_gtub_023_SIR_PRJ.dv,3,0.418,0.139,0.409,0,0,1.424,0.516,7.334,5.688,133.568,0.290,CEP120/20111106,0.562
c:1/2 - Cep120_gtub_024_SIR_PRJ.dv,4,0.264,0.066,0.258,0,0,0.829,0.329,5.955,3.822,89.982,0.242,CEP120/20111106,0.241
c:1/2 - Cep120_gtub_025_SIR_PRJ.dv,6,0.410,0.068,0.401,0,0,0.857,0.325,3.384,5.313,101.235,0.246,CEP120/20111106,0.352
c:1/2 - Cep120_gtub_026_SIR_PRJ.dv,5,0.451,0.090,0.441,0,0,1.222,0.430,5.862,5.704,129.687,0.293,CEP120/20111106,0.398
c:1/2 - Cep120_gtub_027_SIR_PRJ.dv,2,0.360,0.180,0.352,0,0,1.572,0.572,4.938,5.017,95.494,0.435,CEP120/20111106,0.241
c:1/2 - Cep120_gtub_028_SIR_PRJ.dv,3,0.289,0.096,0.282,0,0,1.192,0.437,5.148,5.886,92.373,0.317,CEP120/20111106,0.225
c:1/2 - Cep120_gtub_030_SIR_PRJ.dv,4,0.222,0.055,0.217,0,0,0.760,0.288,7.594,5.165,118.532,0.223,CEP120/20111106,0.206
c:1/2 - JG_Cep120_gtub_001_SIR_PRJ.dv,3,0.337,0.112,0.330,0,0,1.185,0.433,4.174,5.886,112.022,0.316,CEP120/20111106,0.241
c:1/2 - JG_Cep120_gtub_002_SIR_PRJ.dv,1,0.150,0.150,0.146,0,0,1.414,0.482,3.476,7.584,124.992,0.435,CEP120/20111106,0.189
c:1/2 - JG_Cep120_gtub_003_SIR_PRJ.dv,3,0.225,0.075,0.220,0,0,1.098,0.366,4.595,6.030,143.290,0.289,CEP120/20111106,0.206
c:1/2 - JG_Cep120_gtub_005_SIR_PRJ.dv,2,0.232,0.116,0.227,0,0,1.233,0.451,5.372,5.471,82.414,0.359,CEP120/20111106,0.244
c:1/2 - JG_Cep120_gtub_006_SIR_PRJ.dv,1,0.237,0.237,0.232,0,0,2.191,0.830,5.965,5.688,154.654,0.435,CEP120/20111106,0.327
c:1/2 - JG_Cep120_gtub_007_SIR_PRJ.dv,2,0.445,0.222,0.435,0,0,1.845,0.686,4.997,5.313,41.746,0.473,CEP120/20111106,0.398
c:1/2 - JG_Cep120_gtub_008_SIR_PRJ.dv,2,0.418,0.209,0.409,0,0,1.922,0.664,4.839,5.056,76.583,0.389,CEP120/20111106,0.790
c:1/2 - JG_Cep120_gtub_009_SIR_PRJ.dv,2,0.218,0.109,0.214,0,0,1.235,0.466,5.076,5.333,136.441,0.352,CEP120/20111106,0.172
c:1/2 - JG_Cep120_gtub_010_SIR_PRJ.dv,2,0.357,0.179,0.349,0,0,1.654,0.605,4.385,5.510,96.662,0.439,CEP120/20111106,0.264
c:1/2 - JG_Cep120_gtub_011_SIR_PRJ.dv,1,0.189,0.189,0.185,0,0,1.647,0.575,5.135,5.530,15.945,0.477,CEP120/20111106,0.284
c:1/2 - JG_Cep120_gtub_012_SIR_PRJ.dv,3,0.329,0.110,0.322,0,0,1.345,0.513,5.017,3.766,84.915,0.280,CEP120/20111106,0.515
c:1/2 - JG_Cep120_gtub_014_SIR_PRJ.dv,2,0.231,0.115,0.226,0,0,1.335,0.514,5.352,4.720,157.380,0.336,CEP120/20111106,0.187
c:1/2 - JG_Cep120_gtub_015_SIR_PRJ.dv,2,0.240,0.120,0.235,0,0,1.407,0.469,4.957,5.471,90.409,0.375,CEP120/20111106,0.206
c:1/2 - JG_Cep120_gtub_018_SIR_PRJ.dv,2,0.195,0.098,0.191,0,0,1.077,0.400,6.044,5.649,122.327,0.289,CEP120/20111106,0.264
c:1/2 - JG_Cep120_gtub_020_SIR_PRJ.dv,2,0.242,0.121,0.237,0,0,1.340,0.494,5.767,4.819,132.200,0.355,CEP120/20111106,0.206
c:1/2 - JG_Cep120_gtub_023_SIR_PRJ.dv,3,0.228,0.076,0.223,0,0,0.937,0.352,4.859,6.518,52.042,0.271,CEP120/20111106,0.244
c:1/2 - JG_Cep120_gtub_024_SIR_PRJ.dv,1,0.187,0.187,0.183,0,0,2.038,0.767,4.385,5.293,124.509,0.447,CEP120/20111106,0.375
c:1/2 - JG_Cep120_gtub_026_SIR_PRJ.dv,2,0.325,0.162,0.317,0,0,1.519,0.526,4.839,5.273,69.805,0.449,CEP120/20111106,0.284
c:1/2 - JG_Cep120_gtub_027_SIR_PRJ.dv,1,0.281,0.281,0.275,0,0,2.387,0.814,5.412,5.649,157.166,0.581,CEP120/20111106,0.505
c:1/2 - JG_Cep120_gtub_028_SIR_PRJ.dv,2,0.222,0.111,0.217,0,0,1.312,0.445,5.352,5.886,58.704,0.368,CEP120/20111106,0.225
c:1/2 - JG_Cep120_gtub_029_SIR_PRJ.dv,3,0.326,0.109,0.319,0,0,1.157,0.425,6.254,4.477,110.014,0.320,CEP120/20111106,0.305
c:1/2 - JG_Cep120_gtub_030_SIR_PRJ.dv,2,0.187,0.094,0.183,0,0,1.075,0.398,4.720,5.510,54.434,0.300,CEP120/20111106,0.284
c:1/2 - Cep120_gtub_001_SIR_PRJ.dv,2,0.309,0.154,0.302,0,0,1.707,0.566,5.234,5.293,135.000,0.395,CEP120/20111209,0.224
c:1/2 - Cep120_gtub_002_SIR_PRJ.dv,2,0.167,0.083,0.163,0,0,1.031,0.382,6.083,5.214,25.453,0.274,CEP120/20111209,0.225
c:1/2 - Cep120_gtub_003_SIR_PRJ.dv,2,0.176,0.088,0.172,0,0,1.003,0.364,5.826,4.543,129.848,0.296,CEP120/20111209,0.206
c:1/2 - Cep120_gtub_005_SIR_PRJ.dv,2,0.164,0.082,0.160,0,0,0.958,0.349,4.720,5.194,62.348,0.277,CEP120/20111209,0.206
c:1/2 - Cep120_gtub_007_SIR_PRJ.dv,1,0.140,0.140,0.137,0,0,1.381,0.515,4.582,5.807,147.529,0.395,CEP120/20111209,0.172
c:1/2 - Cep120_gtub_008_SIR_PRJ.dv,4,0.296,0.074,0.290,0,0,0.911,0.349,5.214,6.044,109.861,0.252,CEP120/20111209,0.183
c:1/2 - Cep120_gtub_009_SIR_PRJ.dv,3,0.296,0.099,0.290,0,0,1.329,0.508,5.096,5.280,103.495,0.254,CEP120/20111209,0.721
c:1/2 - Cep120_gtub_011_SIR_PRJ.dv,1,0.220,0.220,0.215,0,0,2.475,0.745,4.227,5.293,57.995,0.469,CEP120/20111209,0.452
c:1/2 - Cep120_gtub_013_SIR_PRJ.dv,1,0.261,0.261,0.255,0,0,2.479,0.877,4.701,4.938,125.838,0.580,CEP120/20111209,0.475
c:1/2 - Cep120_gtub_015_SIR_PRJ.dv,2,0.169,0.084,0.165,0,0,1.131,0.420,4.720,5.826,126.449,0.300,CEP120/20111209,0.206
c:1/2 - Cep152_gtub_001_SIR_PRJ.dv,2,0.303,0.151,0.296,0,0,1.735,0.578,6.044,6.202,139.731,0.415,CEP152,0.218
c:1/2 - Cep152_gtub_002_SIR_PRJ.dv,4,0.298,0.075,0.291,0,0,1.068,0.385,7.377,6.903,111.705,0.281,CEP152,0.225
c:1/2 - Cep152_gtub_003_SIR_PRJ.dv,2,0.270,0.135,0.264,0,0,1.405,0.515,4.622,5.412,139.065,0.399,CEP152,0.225
c:1/2 - Cep152_gtub_006_SIR_PRJ.dv,23,1.176,0.051,1.151,0,0,1.072,0.452,3.753,4.000,117.439,0.175,CEP152,1.733
c:1/2 - Cep152_gtub_009_SIR_PRJ.dv,1,0.111,0.111,0.108,0,0,1.680,0.520,4.819,4.898,8.746,0.425,CEP152,0.224
c:1/2 - Cep152_gtub_010_SIR_PRJ.dv,35,1.073,0.031,1.050,0,0,0.732,0.306,7.841,5.232,93.451,0.168,CEP152,0.172
c:1/2 - Cep152_gtub_011_SIR_PRJ.dv,2,0.293,0.147,0.287,0,0,1.328,0.479,4.108,5.234,85.514,0.315,CEP152,0.452
c:1/2 - Cep152_gtub_012_SIR_PRJ.dv,2,0.250,0.125,0.244,0,0,1.452,0.510,5.293,5.056,80.566,0.408,CEP152,0.206
c:1/2 - Cep152_gtub_013_SIR_PRJ.dv,3,0.242,0.081,0.237,0,0,1.025,0.394,5.530,5.254,72.755,0.250,CEP152,0.224
c:1/2 - Cep152_gtub_015_SIR_PRJ.dv,2,0.167,0.083,0.163,0,0,1.165,0.434,5.649,5.096,120.308,0.288,CEP152,0.189
c:1/2 - Cep152_gtub_016_SIR_PRJ.dv,3,0.301,0.100,0.294,0,0,1.200,0.395,4.543,4.661,96.841,0.325,CEP152,0.189
c:1/2 - Cep152_gtub_018_SIR_PRJ.dv,2,0.286,0.143,0.279,0,0,2.012,0.586,4.918,5.629,31.994,0.334,CEP152,0.562
c:1/2 - Cep152_gtub_019_SIR_PRJ.dv,2,0.172,0.086,0.168,0,0,1.009,0.390,4.661,6.518,60.482,0.275,CEP152,0.187
c:1/2 - Cep152_gtub_021_SIR_PRJ.dv,1,0.254,0.254,0.249,0,0,2.410,0.877,5.214,4.859,54.162,0.477,CEP152,0.499
c:1/2 - Cep152_gtub_024_SIR_PRJ.dv,2,0.281,0.140,0.275,0,0,1.636,0.559,3.318,6.004,131.771,0.315,CEP152,0.549
c:1/2 - Cep152_gtub_026_SIR_PRJ.dv,4,0.356,0.089,0.348,0,0,0.997,0.393,5.728,6.606,103.732,0.237,CEP152,0.562
c:1/2 - Cep152_gtub_028_SIR_PRJ.dv,2,0.220,0.110,0.215,0,0,1.272,0.472,5.214,4.227,122.541,0.352,CEP152,0.244
c:1/2 - Cep152_gtub_031_SIR_PRJ.dv,4,0.214,0.053,0.209,0,0,0.793,0.323,3.634,6.646,119.756,0.205,CEP152,0.206
c:1/2 - Cep152_gtub_032_SIR_PRJ.dv,1,0.254,0.254,0.249,0,0,2.275,0.845,4.424,5.293,142.595,0.501,CEP152,0.505
c:1/2 - Cep152_gtub_033_SIR_PRJ.dv,3,0.215,0.072,0.211,0,0,0.963,0.368,5.096,4.964,108.528,0.255,CEP152,0.244
c:1/2 - JG_Cep152_gtub_001_SIR_PRJ.dv,2,0.192,0.096,0.188,0,0,1.263,0.496,7.505,4.167,92.092,0.275,CEP152,0.292
c:1/2 - JG_Cep152_gtub_002_SIR_PRJ.dv,5,0.247,0.049,0.241,0,0,0.868,0.306,5.980,7.489,119.087,0.237,CEP152,0.187
c:1/2 - JG_Cep152_gtub_003_SIR_PRJ.dv,3,0.203,0.068,0.198,0,0,0.803,0.306,4.938,5.517,124.032,0.237,CEP152,0.244
c:1/2 - JG_Cep152_gtub_004_SIR_PRJ.dv,4,0.229,0.057,0.224,0,0,0.838,0.320,3.950,4.562,69.002,0.237,CEP152,0.206
c:1/2 - JG_Cep152_gtub_005_SIR_PRJ.dv,2,0.271,0.136,0.266,0,0,1.419,0.506,6.004,5.530,65.510,0.411,CEP152,0.224
c:1/2 - JG_Cep152_gtub_006_SIR_PRJ.dv,2,0.382,0.191,0.374,0,0,1.633,0.576,5.194,5.155,92.695,0.474,CEP152,0.262
c:1/2 - JG_Cep152_gtub_007_SIR_PRJ.dv,11,0.335,0.030,0.328,0,0,0.623,0.263,4.643,5.674,99.213,0.168,CEP152,0.156
c:1/2 - JG_Cep152_gtub_008_SIR_PRJ.dv,11,0.431,0.039,0.421,0,0,0.692,0.283,6.360,5.807,86.958,0.179,CEP152,0.189
c:1/2 - JG_Cep152_gtub_009_SIR_PRJ.dv,4,0.169,0.042,0.165,0,0,0.748,0.308,4.938,4.197,59.330,0.194,CEP152,0.156
c:1/2 - JG_Cep152_gtub_011_SIR_PRJ.dv,1,0.379,0.379,0.371,0,0,2.745,0.942,5.016,4.464,123.024,0.647,CEP152,0.653
c:1/2 - JG_Cep152_gtub_014_SIR_PRJ.dv,3,0.339,0.113,0.331,0,0,1.169,0.436,4.503,4.516,62.399,0.349,CEP152,0.244
c:1/2 - JG_Cep152_gtub_017_SIR_PRJ.dv,1,0.268,0.268,0.262,0,0,2.345,0.866,5.293,4.819,155.772,0.470,CEP152,0.406
c:1/2 - JG_Cep152_gtub_018_SIR_PRJ.dv,4,0.304,0.076,0.298,0,0,0.983,0.349,2.716,6.429,137.466,0.240,CEP152,0.437
c:1/2 - JG_Cep152_gtub_019_SIR_PRJ.dv,2,0.410,0.205,0.401,0,0,1.968,0.672,7.268,7.051,93.724,0.363,CEP152,0.771
c:1/2 - JG_Cep152_gtub_020_SIR_PRJ.dv,21,0.897,0.043,0.877,0,0,0.860,0.367,5.099,4.283,78.053,0.171,CEP152,0.241
c:1/2 - JG_Cep152_gtub_021_SIR_PRJ.dv,4,0.373,0.093,0.365,0,0,1.191,0.421,5.096,7.347,74.009,0.303,CEP152,0.284
c:1/2 - JG_Cep152_gtub_022_SIR_PRJ.dv,2,0.367,0.183,0.359,0,0,1.761,0.625,4.878,5.372,42.019,0.474,CEP152,0.262
c:1/2 - JG_Cep152_gtub_023_SIR_PRJ.dv,1,0.304,0.304,0.298,0,0,2.647,0.825,5.412,4.069,73.301,0.532,CEP152,0.468
c:1/2 - JG_Cep152_gtub_024_SIR_PRJ.dv,4,0.279,0.070,0.273,0,0,0.975,0.353,5.303,4.730,56.461,0.255,CEP152,0.244
c:1/2 - JG_Cep152_gtub_025_SIR_PRJ.dv,2,0.281,0.140,0.275,0,0,1.693,0.593,6.952,5.589,100.305,0.296,CEP152,0.449
c:1/2 - JG_Cep152_gtub_027_SIR_PRJ.dv,2,0.175,0.087,0.171,0,0,0.998,0.389,4.622,2.903,69.592,0.276,CEP152,0.206
c:1/2 - JG_Cep152_gtub_028_SIR_PRJ.dv,3,0.209,0.070,0.204,0,0,1.199,0.417,5.780,4.753,128.785,0.277,CEP152,0.206
c:1/2 - JG_Cep152_gtub_030_SIR_PRJ.dv,2,0.275,0.137,0.269,0,0,1.756,0.540,5.017,4.523,92.764,0.419,CEP152,0.224
c:1/2 - JG_Cep152_gtub_031_SIR_PRJ.dv,3,0.387,0.129,0.378,0,0,1.436,0.563,7.663,5.254,62.722,0.303,CEP152,0.599
c:1/2 - JG_Cep152_gtub_032_SIR_PRJ.dv,3,0.237,0.079,0.232,0,0,1.044,0.416,4.292,4.464,124.306,0.262,CEP152,0.281
c:1/2 - JG_Cep152_gtub_033_SIR_PRJ.dv,3,0.186,0.062,0.182,0,0,0.819,0.316,6.715,6.452,113.014,0.237,CEP152,0.206
c:1/2 - JG_Cep152_gtub_034_SIR_PRJ.dv,4,0.215,0.054,0.211,0,0,0.801,0.327,3.772,4.651,106.370,0.224,CEP152,0.172
c:1/2 - JG_Cep152_gtub_035_SIR_PRJ.dv,19,0.866,0.046,0.847,0,0,0.986,0.410,6.114,6.183,61.833,0.186,CEP152,0.406
c:1/2 - JG_Cep152_gtub_036_SIR_PRJ.dv,3,0.240,0.080,0.235,0,0,1.158,0.475,5.398,4.082,75.123,0.284,CEP152,0.328
c:1/2 - JG_Cep152_gtub_039_SIR_PRJ.dv,1,0.214,0.214,0.209,0,0,2.522,0.922,4.424,5.135,170.134,0.474,CEP152,0.431
c:3/3 - Centrin_Sas6_Cep192_001_SIR_PRJ.dv,5,0.535,0.107,0.523,0,0,1.087,0.405,6.265,4.819,122.374,0.294,CEP192-M,0.375
c:3/3 - Centrin_Sas6_Cep192_002_SIR_PRJ.dv,2,0.590,0.295,0.577,0,0,2.321,0.777,4.839,5.451,73.650,0.632,CEP192-M,0.531
c:3/3 - Centrin_Sas6_Cep192_003_SIR_PRJ.dv,2,0.563,0.282,0.551,0,0,1.905,0.693,3.140,5.451,152.636,0.500,CEP192-M,0.934
c:3/3 - Centrin_Sas6_Cep192_004_SIR_PRJ.dv,5,0.594,0.119,0.581,0,0,1.077,0.412,4.535,4.250,75.557,0.265,CEP192-M,0.427
c:3/3 - Centrin_Sas6_Cep192_007_SIR_PRJ.dv,2,0.421,0.211,0.412,0,0,1.742,0.633,4.859,5.491,54.146,0.477,CEP192-M,0.345
c:3/3 - Centrin_Sas6_Cep192_008_SIR_PRJ.dv,3,0.445,0.148,0.435,0,0,1.316,0.474,5.306,6.307,118.472,0.370,CEP192-M,0.284
c:3/3 - Centrin_Sas6_Cep192_009_SIR_PRJ.dv,2,0.482,0.241,0.471,0,0,1.873,0.677,5.451,5.589,65.841,0.512,CEP192-M,0.352
c:3/3 - Centrin_Sas6_Cep192_010_SIR_PRJ.dv,2,0.523,0.261,0.511,0,0,1.930,0.718,5.135,5.431,91.135,0.488,CEP192-M,0.356
c:3/3 - Centrin_Sas6_Cep192_012_SIR_PRJ.dv,2,0.445,0.222,0.435,0,0,1.614,0.603,2.765,4.444,78.725,0.380,CEP192-M,0.683
c:3/3 - Centrin_Sas6_Cep192_013_SIR_PRJ.dv,3,0.537,0.179,0.525,0,0,1.334,0.525,5.767,6.860,97.839,0.338,CEP192-M,0.820
c:3/3 - Centrin_Sas6_Cep192_014_SIR_PRJ.dv,2,0.548,0.274,0.536,0,0,2.047,0.696,5.155,6.399,75.582,0.552,CEP192-M,0.445
c:3/3 - Centrin_Sas6_Cep192_016_SIR_PRJ.dv,4,0.577,0.144,0.565,0,0,1.149,0.432,5.313,5.629,87.271,0.309,CEP192-M,0.790
c:3/3 - Centrin_Sas6_Cep192_017_SIR_PRJ.dv,1,0.491,0.491,0.481,0,0,4.094,1.364,3.990,6.123,22.109,0.651,CEP192-M,1.249
c:3/3 - Centrin_Sas6_Cep192_018_SIR_PRJ.dv,2,0.479,0.239,0.468,0,0,1.856,0.682,6.300,4.938,92.702,0.494,CEP192-M,0.325
c:3/3 - Centrin_Sas6_Cep192_019_SIR_PRJ.dv,1,0.451,0.451,0.441,0,0,2.982,1.050,4.464,6.202,70.201,0.610,CEP192-M,0.690
c:3/3 - Centrin_Sas6_Cep192_020_SIR_PRJ.dv,2,0.521,0.261,0.510,0,0,2.165,0.711,6.853,7.545,147.627,0.413,CEP192-M,0.796
c:3/3 - Centrin_Sas6_Cep192_022_SIR_PRJ.dv,2,0.562,0.281,0.549,0,0,2.240,0.793,4.543,6.142,56.022,0.336,CEP192-M,0.743
c:3/3 - Centrin_Sas6_Cep192_026_SIR_PRJ.dv,4,0.512,0.128,0.500,0,0,1.208,0.440,5.886,6.804,63.535,0.338,CEP192-M,0.328
c:3/3 - Centrin_Sas6_Cep192_028_SIR_PRJ.dv,4,0.626,0.156,0.612,0,0,1.404,0.499,5.925,6.893,57.038,0.394,CEP192-M,0.452
c:3/3 - Centrin_Sas6_Cep192_030_SIR_PRJ.dv,2,0.420,0.210,0.410,0,0,1.719,0.610,5.135,4.878,167.258,0.488,CEP192-M,0.375
c:3/3 - Centrin_Sas6_Cep192_032_SIR_PRJ.dv,3,0.729,0.243,0.713,0,0,1.731,0.655,4.279,5.978,126.568,0.409,CEP192-M,0.623
c:3/3 - Centrin_Sas6_Cep192_035_SIR_PRJ.dv,4,0.740,0.185,0.723,0,0,1.772,0.641,6.419,5.036,112.887,0.388,CEP192-M,0.624
c:3/3 - Centrin_Sas6_Cep192_036_SIR_PRJ.dv,3,0.574,0.191,0.562,0,0,1.621,0.594,3.700,4.806,78.491,0.420,CEP192-M,0.422
c:3/3 - Centrin_Sas6_Cep192_038_SIR_PRJ.dv,2,0.530,0.265,0.519,0,0,2.210,0.816,2.370,7.209,116.672,0.377,CEP192-M,0.876
c:3/3 - Centrin_Sas6_Cep192_039_SIR_PRJ.dv,2,0.541,0.271,0.529,0,0,1.956,0.699,6.616,3.200,111.834,0.396,CEP192-M,0.843
c:1/2 - Ctrl_Cep192_Cent_20101014_Thu-1301_1_SIR_PRJ.dv,1,0.378,0.378,0.368,0,0,2.621,0.877,5.306,4.871,108.435,0.623,CEP192-M,0.626
c:1/2 - Ctrl_Cep192_Cent_20101014_Thu-1315_1_SIR_PRJ.dv,2,0.519,0.260,0.505,0,0,2.027,0.731,4.693,5.128,150.250,0.537,CEP192-M,0.508
c:1/2 - Ctrl_Cep192_Cent_20101014_Thu-1318_1_SIR_PRJ.dv,2,0.455,0.227,0.443,0,0,1.877,0.645,5.207,5.089,44.460,0.507,CEP192-M,0.351
c:1/2 - Ctrl_Cep192_Cent_20101014_Thu-1436_1_SIR_PRJ.dv,3,0.420,0.140,0.409,0,0,1.258,0.452,6.323,6.904,66.437,0.366,CEP192-M,0.307
c:1/2 - Ctrl_Cep192_Cent_20101014_Thu-1438_1_SIR_PRJ.dv,2,0.450,0.225,0.438,0,0,1.840,0.656,4.712,5.287,106.236,0.468,CEP192-M,0.301
c:1/2 - Ctrl_Cep192_Cent_20101014_Thu-1443_1_SIR_PRJ.dv,3,0.466,0.155,0.453,0,0,1.413,0.488,5.412,6.560,73.362,0.401,CEP192-M,0.329
c:1/2 - Ctrl_Cep192_Cent_20101014_Thu-1446_1_SIR_PRJ.dv,2,0.334,0.167,0.325,0,0,1.523,0.557,5.148,5.643,95.598,0.422,CEP192-M,0.265
c:1/2 - Ctrl_Cep192_Cent_20101014_Thu-1452_1_SIR_PRJ.dv,1,0.337,0.337,0.328,0,0,2.990,0.978,4.950,4.831,111.371,0.567,CEP192-M,0.685
c:2/3 - Centrin_Cpap_PCNTN20_001_SIR_PRJ.dv,5,0.290,0.058,0.284,0,0,1.018,0.404,4.859,4.898,82.571,0.243,CPAP,0.120
c:2/3 - Centrin_Cpap_PCNTN20_002_SIR_PRJ.dv,2,0.097,0.048,0.095,0,0,0.886,0.381,5.214,4.325,89.377,0.178,CPAP,0.094
c:2/3 - Centrin_Cpap_PCNTN20_003_SIR_PRJ.dv,4,0.148,0.037,0.145,0,0,0.760,0.289,5.293,5.737,135.795,0.205,CPAP,0.100
c:2/3 - Centrin_Cpap_PCNTN20_004_SIR_PRJ.dv,3,0.150,0.050,0.146,0,0,0.946,0.390,4.543,4.279,125.292,0.163,CPAP,0.120
c:2/3 - Centrin_Cpap_PCNTN20_005_SIR_PRJ.dv,2,0.119,0.059,0.116,0,0,0.975,0.416,6.360,5.491,106.057,0.210,CPAP,0.112
c:2/3 - Centrin_Cpap_PCNTN20_007_SIR_PRJ.dv,5,0.197,0.039,0.192,0,0,0.767,0.309,5.649,3.642,103.567,0.199,CPAP,0.099
c:2/3 - Centrin_Cpap_PCNTN20_008_SIR_PRJ.dv,3,0.130,0.043,0.127,0,0,0.785,0.327,5.951,3.766,95.358,0.188,CPAP,0.094
c:2/3 - Centrin_Cpap_PCNTN20_009_SIR_PRJ.dv,5,0.175,0.035,0.171,0,0,0.713,0.302,5.001,5.925,106.842,0.178,CPAP,0.086
c:2/3 - Centrin_Cpap_PCNTN20_010_SIR_PRJ.dv,4,0.139,0.035,0.136,0,0,0.678,0.280,4.720,5.175,76.946,0.187,CPAP,0.063
c:2/3 - Centrin_Cpap_PCNTN20_011_SIR_PRJ.dv,4,0.161,0.040,0.157,0,0,0.742,0.303,7.110,5.579,84.794,0.200,CPAP,0.088
c:2/3 - Centrin_Cpap_PCNTN20_012_SIR_PRJ.dv,2,0.111,0.055,0.108,0,0,1.026,0.408,4.404,4.780,130.935,0.198,CPAP,0.084
c:2/3 - Centrin_Cpap_PCNTN20_014_SIR_PRJ.dv,4,0.125,0.031,0.122,0,0,0.653,0.265,5.254,5.925,131.006,0.175,CPAP,0.050
c:2/3 - Centrin_Cpap_PCNTN20_016_SIR_PRJ.dv,4,0.173,0.043,0.169,0,0,0.798,0.332,3.832,4.908,83.419,0.188,CPAP,0.112
c:2/3 - Centrin_Cpap_PCNTN20_017_SIR_PRJ.dv,2,0.064,0.032,0.063,0,0,0.672,0.296,3.654,6.182,46.561,0.185,CPAP,0.055
c:2/3 - Centrin_Cpap_PCNTN20_018_SIR_PRJ.dv,3,0.123,0.041,0.121,0,0,0.797,0.350,5.372,6.412,51.032,0.155,CPAP,0.078
c:2/3 - Centrin_Cpap_PCNTN20_019_SIR_PRJ.dv,2,0.094,0.047,0.092,0,0,0.830,0.356,5.905,4.641,115.505,0.178,CPAP,0.070
c:1/2 - CPAP_gtub_001_SIR_PRJ.dv,5,0.389,0.078,0.380,0,0,1.195,0.388,2.528,5.396,87.195,0.228,CPAP,0.717
c:1/2 - CPAP_gtub_002_SIR_PRJ.dv,3,0.225,0.075,0.220,0,0,1.224,0.428,3.529,4.727,109.025,0.285,CPAP,0.264
c:1/2 - CPAP_gtub_003_SIR_PRJ.dv,4,0.226,0.057,0.221,0,0,1.081,0.338,5.579,5.688,108.686,0.273,CPAP,0.262
c:1/2 - CPAP_gtub_005_SIR_PRJ.dv,2,0.276,0.138,0.270,0,0,2.007,0.646,4.167,4.701,95.210,0.407,CPAP,0.284
c:1/2 - CPAP_gtub_006_SIR_PRJ.dv,2,0.167,0.083,0.163,0,0,1.603,0.532,4.957,5.589,121.717,0.323,CPAP,0.200
c:1/2 - CPAP_gtub_007_SIR_PRJ.dv,2,0.158,0.079,0.154,0,0,1.277,0.416,5.431,3.950,48.563,0.347,CPAP,0.206
c:1/2 - CPAP_gtub_008_SIR_PRJ.dv,3,0.183,0.061,0.179,0,0,1.109,0.427,4.213,4.635,107.545,0.235,CPAP,0.237
c:1/2 - CPAP_gtub_009_SIR_PRJ.dv,2,0.150,0.075,0.146,0,0,1.077,0.442,5.135,6.537,71.565,0.260,CPAP,0.169
c:1/2 - CPAP_gtub_012_SIR_PRJ.dv,4,0.201,0.050,0.197,0,0,0.863,0.332,5.026,6.271,76.996,0.204,CPAP,0.224
c:1/2 - CPAP_gtub_013_SIR_PRJ.dv,2,0.204,0.102,0.200,0,0,1.480,0.559,6.063,5.846,88.283,0.341,CPAP,0.187
c:1/2 - CPAP_gtub_015_SIR_PRJ.dv,2,0.128,0.064,0.125,0,0,0.975,0.390,4.898,6.182,60.482,0.261,CPAP,0.172
c:1/2 - CPAP_gtub_016_SIR_PRJ.dv,2,0.094,0.047,0.092,0,0,0.851,0.357,5.214,4.701,78.307,0.224,CPAP,0.088
c:1/2 - CPAP_gtub_017_SIR_PRJ.dv,2,0.189,0.094,0.185,0,0,1.540,0.576,4.997,4.957,30.530,0.333,CPAP,0.275
c:1/2 - CPAP_gtub_019_SIR_PRJ.dv,5,0.164,0.033,0.160,0,0,0.823,0.346,5.190,6.146,83.068,0.181,CPAP,0.206
c:1/2 - CPAP_gtub_020_SIR_PRJ.dv,2,0.287,0.144,0.281,0,0,1.815,0.676,4.464,5.807,58.195,0.378,CPAP,0.300
c:1/2 - CPAP_gtub_022_SIR_PRJ.dv,2,0.098,0.049,0.096,0,0,0.898,0.352,4.957,5.668,56.599,0.217,CPAP,0.094
c:1/2 - CPAP_gtub_023_SIR_PRJ.dv,2,0.126,0.063,0.124,0,0,1.070,0.353,4.128,6.063,39.345,0.309,CPAP,0.156
c:1/2 - CPAP_gtub_025_SIR_PRJ.dv,1,0.148,0.148,0.145,0,0,2.038,0.637,5.175,6.794,150.255,0.447,CPAP,0.262
c:1/2 - CPAP_gtub_026_SIR_PRJ.dv,4,0.161,0.040,0.157,0,0,0.785,0.301,5.244,3.812,99.703,0.189,CPAP,0.141
c:1/2 - CPAP_gtub_027_SIR_PRJ.dv,2,0.164,0.082,0.160,0,0,1.249,0.445,5.175,4.602,116.837,0.358,CPAP,0.189
c:1/2 - CPAP_gtub_028_SIR_PRJ.dv,5,0.267,0.053,0.261,0,0,0.956,0.352,6.012,5.514,98.562,0.228,CPAP,0.203
c:1/2 - CPAP_gtub_029_SIR_PRJ.dv,5,0.142,0.028,0.139,0,0,0.638,0.260,4.298,5.333,55.626,0.169,CPAP,0.112
c:2/2 - NEDD1141_NEDD1ab_I_001_SIR_PRJ.dv,7,0.404,0.058,0.395,0,0,0.814,0.316,5.383,6.303,48.258,0.224,NEDD1-C1,0.300
c:2/2 - NEDD1141_NEDD1ab_I_002_SIR_PRJ.dv,25,0.713,0.029,0.697,0,0,0.626,0.250,5.628,5.530,96.436,0.166,NEDD1-C1,0.172
c:2/2 - NEDD1141_NEDD1ab_I_006_SIR_PRJ.dv,46,1.429,0.031,1.398,0,0,0.684,0.280,4.842,6.293,100.530,0.170,NEDD1-C1,0.187
c:2/2 - NEDD1141_NEDD1ab_I_007_SIR_PRJ.dv,7,0.343,0.049,0.336,0,0,0.809,0.290,4.537,7.059,105.063,0.207,NEDD1-C1,0.224
c:2/2 - NEDD1141_NEDD1ab_I_010_SIR_PRJ.dv,59,2.473,0.042,2.419,0,0,0.869,0.336,5.896,5.380,92.823,0.198,NEDD1-C1,0.505
c:2/2 - NEDD1141_NEDD1ab_I_011_SIR_PRJ.dv,87,2.687,0.031,2.628,0,0,0.676,0.277,5.042,5.302,98.515,0.170,NEDD1-C1,0.306
c:2/2 - NEDD1141_NEDD1ab_I_012_SIR_PRJ.dv,8,0.428,0.053,0.418,0,0,0.797,0.320,7.011,4.859,97.078,0.217,NEDD1-C1,0.224
c:2/2 - NEDD1141_NEDD1ab_I_013_SIR_PRJ.dv,28,1.361,0.049,1.331,0,0,0.927,0.344,5.959,7.667,96.129,0.201,NEDD1-C1,0.674
c:2/2 - NEDD1141_NEDD1ab_I_015_SIR_PRJ.dv,62,1.735,0.028,1.697,0,0,0.626,0.261,5.694,5.869,99.746,0.162,NEDD1-C1,0.241
c:2/2 - NEDD1141_NEDD1ab_I_016_SIR_PRJ.dv,49,1.705,0.035,1.668,0,0,0.754,0.290,3.459,6.162,94.423,0.184,NEDD1-C1,0.244
c:2/2 - NEDD1141_NEDD1ab_I_017_SIR_PRJ.dv,3,0.312,0.104,0.305,0,0,1.169,0.438,5.570,6.070,52.876,0.324,NEDD1-C1,0.244
c:2/2 - NEDD1141_NEDD1ab_I_018_SIR_PRJ.dv,18,0.682,0.038,0.667,0,0,0.703,0.280,4.242,6.603,90.038,0.184,NEDD1-C1,0.225
c:2/2 - NEDD1141_NEDD1ab_I_019_SIR_PRJ.dv,13,0.521,0.040,0.510,0,0,0.686,0.273,4.776,4.786,95.849,0.185,NEDD1-C1,0.264
c:2/2 - NEDD1141_NEDD1ab_I_022_SIR_PRJ.dv,10,0.374,0.037,0.366,0,0,0.722,0.279,4.938,4.780,123.152,0.187,NEDD1-C1,0.172
c:2/2 - NEDD1141_NEDD1ab_I_023_SIR_PRJ.dv,17,0.715,0.042,0.699,0,0,0.750,0.303,7.758,4.975,108.730,0.189,NEDD1-C1,0.206
c:2/2 - NEDD1141_NEDD1ab_I_024_SIR_PRJ.dv,27,0.867,0.032,0.848,0,0,0.630,0.258,6.371,4.648,115.874,0.170,NEDD1-C1,0.264
c:2/2 - NEDD1141_NEDD1ab_I_025_SIR_PRJ.dv,48,1.708,0.036,1.671,0,0,0.744,0.300,4.603,4.095,99.659,0.174,NEDD1-C1,0.359
c:2/2 - NEDD1141_NEDD1ab_I_026_SIR_PRJ.dv,13,0.579,0.045,0.566,0,0,0.735,0.294,5.834,5.822,121.015,0.194,NEDD1-C1,0.262
c:2/2 - NEDD1141_NEDD1ab_I_027_SIR_PRJ.dv,25,0.827,0.033,0.809,0,0,0.675,0.268,5.288,4.901,101.703,0.162,NEDD1-C1,0.374
c:2/2 - NEDD1141_NEDD1ab_I_028_SIR_PRJ.dv,21,0.758,0.036,0.742,0,0,0.785,0.294,4.262,2.588,98.700,0.185,NEDD1-C1,0.224
c:2/2 - NEDD1141_NEDD1ab_I_029_SIR_PRJ.dv,13,0.385,0.030,0.377,0,0,0.595,0.245,5.056,5.627,103.439,0.159,NEDD1-C1,0.241
c:1/2 - NEDD1ab_NEDD1141_I_001_SIR_PRJ.dv,3,0.334,0.111,0.327,0,0,1.365,0.472,4.503,6.531,108.282,0.355,NEDD1-C1,0.284
c:1/2 - NEDD1ab_NEDD1141_I_002_SIR_PRJ.dv,7,0.325,0.046,0.317,0,0,0.939,0.333,5.869,5.062,85.774,0.213,NEDD1-C1,0.172
c:1/2 - NEDD1ab_NEDD1141_I_003_SIR_PRJ.dv,12,0.571,0.048,0.558,0,0,0.777,0.313,5.497,6.126,76.557,0.203,NEDD1-C1,0.262
c:1/2 - NEDD1ab_NEDD1141_I_004_SIR_PRJ.dv,10,0.585,0.059,0.572,0,0,0.791,0.296,5.814,4.183,115.264,0.207,NEDD1-C1,0.306
c:1/2 - NEDD1ab_NEDD1141_I_005_SIR_PRJ.dv,21,0.616,0.029,0.603,0,0,0.638,0.265,4.853,5.729,101.750,0.162,NEDD1-C1,0.187
c:1/2 - NEDD1ab_NEDD1141_I_006_SIR_PRJ.dv,6,0.351,0.059,0.343,0,0,0.820,0.322,5.458,5.273,87.134,0.226,NEDD1-C1,0.258
c:1/2 - NEDD1ab_NEDD1141_I_008_SIR_PRJ.dv,19,0.534,0.028,0.522,0,0,0.648,0.260,5.098,4.634,110.320,0.165,NEDD1-C1,0.206
c:1/2 - NEDD1ab_NEDD1141_I_010_SIR_PRJ.dv,15,0.526,0.035,0.514,0,0,0.668,0.268,7.113,4.179,103.935,0.179,NEDD1-C1,0.206
c:1/2 - NEDD1ab_NEDD1141_I_011_SIR_PRJ.dv,19,0.629,0.033,0.615,0,0,0.653,0.264,4.426,4.775,108.281,0.169,NEDD1-C1,0.244
c:1/2 - NEDD1ab_NEDD1141_I_013_SIR_PRJ.dv,7,0.459,0.066,0.449,0,0,0.907,0.341,4.520,5.231,82.099,0.226,NEDD1-C1,0.224
c:1/2 - NEDD1ab_NEDD1141_I_015_SIR_PRJ.dv,11,0.392,0.036,0.383,0,0,0.702,0.281,3.975,4.489,108.262,0.188,NEDD1-C1,0.189
c:1/2 - NEDD1ab_NEDD1141_I_016_SIR_PRJ.dv,21,0.699,0.033,0.684,0,0,0.677,0.277,4.541,4.432,104.585,0.165,NEDD1-C1,0.300
c:1/2 - NEDD1ab_NEDD1141_I_019_SIR_PRJ.dv,19,0.676,0.036,0.661,0,0,0.633,0.259,6.798,4.148,121.698,0.175,NEDD1-C1,0.305
c:1/2 - NEDD1ab_NEDD1141_I_022_SIR_PRJ.dv,25,0.871,0.035,0.213,0,0,0.730,0.287,10.641,11.305,106.123,0.181,NEDD1-C1,0.499
c:1/2 - NEDD1ab_NEDD1141_I_024_SIR_PRJ.dv,21,0.780,0.037,0.763,0,0,0.765,0.295,5.417,6.730,118.484,0.182,NEDD1-C1,0.415
c:1/2 - NEDD1ab_NEDD1141_I_025_SIR_PRJ.dv,7,0.398,0.057,0.389,0,0,0.845,0.311,3.617,4.853,147.642,0.215,NEDD1-C1,0.305
c:1/2 - NEDD1ab_NEDD1141_I_033_SIR_PRJ.dv,32,1.159,0.036,1.134,0,0,0.807,0.304,3.376,4.736,95.555,0.191,NEDD1-C1,0.624
c:1/2 - NEDD1ab_NEDD1141_I_034_SIR_PRJ.dv,31,1.003,0.032,0.981,0,0,0.760,0.308,3.240,6.988,134.445,0.166,NEDD1-C1,0.372
c:1/3 - ALX_NEDD1_PCNT_20100521_Fri-1101_0_SIR_PRJ_615_525_x,4,56252375.375,14063093.844,0.690,0,0,13514.705,4935.317,41627.777,46302.083,110.086,2780.746,NEDD1-C1,93836930.815
c:1/3 - ALX_NEDD1_PCNT_20100521_Fri-1104_0_SIR_PRJ_615_525_x,4,51523195.500,12880798.875,0.632,0,0,14710.299,4773.193,43391.666,55033.333,113.818,2726.925,NEDD1-C1,93090211.267
c:1/3 - ALX_NEDD1_PCNT_20100521_Fri-1109_0_SIR_PRJ_615_525_x,3,47665179.000,15888393.000,0.584,0,0,14263.566,5109.166,43156.481,42568.518,96.244,3886.464,NEDD1-C1,31859748.069
c:1/3 - ALX_NEDD1_PCNT_20100521_Fri-1112_0_SIR_PRJ_615_525_x,5,56127923.750,11225584.750,0.688,0,0,13554.262,4495.717,46425.555,43673.889,58.396,2865.385,NEDD1-C1,84129656.417
c:1/3 - ALX_NEDD1_PCNT_20100521_Fri-1116_0_SIR_PRJ_615_525_x,8,77160339.750,9645042.469,0.946,0,0,12933.874,4286.445,50050.347,47933.680,104.190,2633.977,NEDD1-C1,68697596.238
c:1/3 - ALX_NEDD1_PCNT_20100521_Fri-1118_0_SIR_PRJ_615_525_x,15,79649381.625,5309958.775,0.977,0,0,8873.216,3278.425,56420.926,41627.778,99.284,2184.634,NEDD1-C1,47291825.535
c:1/3 - ALX_NEDD1_PCNT_20100521_Fri-1121_0_SIR_PRJ_615_525_x,32,177842140.000,5557566.875,2.180,0,0,8804.169,3308.281,44957.118,55716.841,80.484,2063.100,NEDD1-C1,107526670.900
c:1/3 - ALX_NEDD1_PCNT_20100521_Fri-1128_0_SIR_PRJ_615_525_x,8,59239228.500,7404903.562,0.726,0,0,10019.786,3299.591,44626.389,38717.362,105.638,2277.972,NEDD1-C1,89605556.261
c:2/2 - siCTRL_PCNT_NEDD1_20100507_Fri-1628_0_SIR_PRJ.dv,24,0.707,0.029,0.688,0,0,0.615,0.251,5.790,5.742,97.011,0.170,NEDD1-C1,0.188
c:2/2 - siCTRL_PCNT_NEDD1_20100507_Fri-1637_0_SIR_PRJ.dv,32,0.914,0.029,0.890,0,0,0.600,0.245,5.852,5.485,103.653,0.166,NEDD1-C1,0.225
c:2/2 - siCTRL_PCNT_NEDD1_20100507_Fri-1643_0_SIR_PRJ.dv,17,0.618,0.036,0.601,0,0,0.726,0.282,4.500,5.991,104.032,0.184,NEDD1-C1,0.265
c:2/2 - siCTRL_PCNT_NEDD1_20100507_Fri-1702_0_SIR_PRJ.dv,28,0.894,0.032,0.870,0,0,0.610,0.254,4.676,6.957,98.193,0.169,NEDD1-C1,0.282
c:2/2 - siCTRL_PCNT_NEDD1_20100507_Fri-1725_0_SIR_PRJ.dv,6,0.354,0.059,0.345,0,0,0.861,0.331,7.491,4.297,126.742,0.230,NEDD1-C1,0.245
c:2/2 - siCTRL_PCNT_NEDD1_20100507_Fri-1732_0_SIR_PRJ.dv,19,0.646,0.034,0.629,0,0,0.664,0.268,4.767,7.209,90.903,0.163,NEDD1-C1,0.380
c:2/2 - siCTRL_PCNT_NEDD1_20100507_Fri-1737_0_SIR_PRJ.dv,21,0.557,0.027,0.542,0,0,0.597,0.230,4.827,5.122,109.013,0.168,NEDD1-C1,0.173
c:2/2 - siCTRL_PCNT_NEDD1_20100507_Fri-1743_0_SIR_PRJ.dv,24,0.767,0.032,0.746,0,0,0.630,0.261,5.075,4.767,107.821,0.170,NEDD1-C1,0.285
c:2/2 - siCTRL_PCNT_NEDD1_20100507_Fri-1747_0_SIR_PRJ.dv,35,1.164,0.033,1.132,0,0,0.653,0.258,4.112,4.999,102.209,0.175,NEDD1-C1,0.327
c:2/2 - N20_PCNTab_ctrl_20110618_Sat-1400_0_SIR_PRJ.dv,2,0.472,0.236,0.459,0,0,1.984,0.649,4.277,4.237,134.678,0.551,PCNT-N1,0.427
c:2/2 - N20_PCNTab_ctrl_20110618_Sat-1403_0_SIR_PRJ.dv,2,0.630,0.315,0.613,0,0,2.370,0.742,5.544,6.316,88.134,0.429,PCNT-N1,1.224
c:2/2 - N20_PCNTab_ctrl_20110618_Sat-1407_0_SIR_PRJ.dv,3,0.638,0.213,0.621,0,0,2.318,0.762,4.726,5.478,103.041,0.409,PCNT-N1,0.804
c:2/2 - N20_PCNTab_ctrl_20110618_Sat-1414_0_SIR_PRJ.dv,3,0.596,0.199,0.580,0,0,1.597,0.590,4.171,5.531,86.003,0.436,PCNT-N1,0.502
c:2/2 - N20_PCNTab_ctrl_20110618_Sat-1459_0_SIR_PRJ.dv,3,0.505,0.168,0.491,0,0,1.612,0.532,4.805,5.412,52.134,0.407,PCNT-N1,0.400
c:2/2 - N20_PCNTab_ctrl_20110618_Sat-1504_0_SIR_PRJ.dv,4,0.599,0.150,0.583,0,0,1.673,0.530,3.950,5.425,73.427,0.365,PCNT-N1,0.722
c:2/2 - N20_PCNTab_ctrl_20110618_Sat-1510_0_SIR_PRJ.dv,6,0.786,0.131,0.764,0,0,1.301,0.429,4.818,4.244,103.422,0.286,PCNT-N1,1.270
c:2/2 - N20_PCNTab_ctrl_20110618_Sat-1516_0_SIR_PRJ.dv,2,0.706,0.353,0.687,0,0,2.981,0.890,2.693,5.564,63.973,0.545,PCNT-N1,1.490
c:1/2 - PCNT_gtub_I_003_SIR_PRJ.dv,3,0.569,0.190,0.557,0,0,1.965,0.673,5.017,5.398,107.648,0.385,PCNT-N1,1.054
c:1/2 - PCNT_gtub_I_004_SIR_PRJ.dv,7,0.646,0.092,0.632,0,0,1.107,0.396,4.464,4.514,91.665,0.266,PCNT-N1,0.515
c:1/2 - PCNT_gtub_I_005_SIR_PRJ.dv,3,0.545,0.182,0.533,0,0,1.566,0.555,4.832,5.622,54.513,0.435,PCNT-N1,0.425
c:1/2 - PCNT_gtub_I_007_SIR_PRJ.dv,8,0.571,0.071,0.558,0,0,1.014,0.368,5.318,4.701,97.585,0.258,PCNT-N1,0.445
c:1/2 - PCNT_gtub_I_010_SIR_PRJ.dv,4,0.585,0.146,0.572,0,0,1.310,0.488,5.481,4.888,46.814,0.290,PCNT-N1,0.852
c:1/2 - PCNT_gtub_I_011_SIR_PRJ.dv,2,0.599,0.300,0.586,0,0,2.142,0.702,5.096,6.379,39.238,0.612,PCNT-N1,0.399
c:1/2 - PCNT_gtub_I_015_SIR_PRJ.dv,4,0.604,0.151,0.591,0,0,1.517,0.499,4.770,5.234,84.334,0.339,PCNT-N1,0.996
c:1/2 - PCNT_gtub_I_017_SIR_PRJ.dv,5,0.488,0.098,0.478,0,0,1.139,0.387,5.814,5.056,103.496,0.296,PCNT-N1,0.328
c:1/2 - PCNT_gtub_I_018_SIR_PRJ.dv,2,0.473,0.236,0.462,0,0,1.817,0.574,4.306,5.708,132.618,0.485,PCNT-N1,0.755
c:1/2 - PCNT_gtub_I_019_SIR_PRJ.dv,7,0.672,0.096,0.658,0,0,1.042,0.407,4.464,5.863,68.226,0.248,PCNT-N1,0.892
c:1/2 - PCNT_gtub_I_020_SIR_PRJ.dv,3,0.560,0.187,0.548,0,0,1.519,0.538,5.056,5.412,142.905,0.355,PCNT-N1,1.015
c:1/2 - PCNT_gtub_I_023_SIR_PRJ.dv,3,0.515,0.172,0.504,0,0,1.663,0.578,4.477,4.832,58.095,0.475,PCNT-N1,0.478
c:1/2 - PCNT_gtub_I_024_SIR_PRJ.dv,9,1.570,0.174,1.535,0,0,1.620,0.499,3.621,4.240,75.750,0.326,PCNT-N1,2.496
c:1/2 - PCNT_gtub_I_025_SIR_PRJ.dv,4,0.504,0.126,0.493,0,0,1.371,0.508,4.345,4.167,113.868,0.319,PCNT-N1,0.386
c:1/2 - PCNT_gtub_I_031_SIR_PRJ.dv,2,0.738,0.369,0.722,0,0,2.826,0.886,4.701,5.491,92.960,0.483,PCNT-N1,1.548
c:1/2 - PCNT_gtub_I_032_SIR_PRJ.dv,2,0.663,0.332,0.648,0,0,2.326,0.854,6.814,6.044,98.195,0.436,PCNT-N1,1.202
c:1/2 - PCNT_gtub_I_035_SIR_PRJ.dv,4,0.643,0.161,0.629,0,0,1.513,0.566,4.661,5.787,103.221,0.366,PCNT-N1,0.623
c:1/2 - PCNT_gtub_I_039_SIR_PRJ.dv,3,0.348,0.116,0.340,0,0,1.742,0.480,3.963,6.518,111.571,0.282,PCNT-N1,0.718
c:1/2 - PCNT_gtub_I_041_SIR_PRJ.dv,4,0.568,0.142,0.555,0,0,1.312,0.453,4.730,4.473,104.335,0.370,PCNT-N1,0.399
c:1/2 - PCNT_gtub_I_042_SIR_PRJ.dv,2,0.367,0.183,0.359,0,0,1.810,0.598,5.175,5.313,87.195,0.470,PCNT-N1,0.372
c:1/2 - PCNT_gtub_I_044_SIR_PRJ.dv,2,0.744,0.372,0.728,0,0,3.411,0.929,5.096,4.365,81.918,0.621,PCNT-N1,1.779
c:1/2 - PCNT_gtub_I_047_SIR_PRJ.dv,9,0.627,0.070,0.613,0,0,0.956,0.365,5.591,4.784,98.194,0.239,PCNT-N1,0.623
c:1/2 - PCNT_gtub_I_050_SIR_PRJ.dv,3,0.867,0.289,0.848,0,0,2.041,0.690,6.333,4.977,123.151,0.510,PCNT-N1,0.886
c:1/2 - siCTRL_PCNT_NEDD1_20100507_Fri-1628_0_SIR_PRJ.dv,3,0.433,0.144,0.421,0,0,1.360,0.469,5.306,5.135,137.313,0.407,PCNT-N1,0.307
c:1/2 - siCTRL_PCNT_NEDD1_20100507_Fri-1637_0_SIR_PRJ.dv,2,0.554,0.277,0.539,0,0,2.602,0.805,5.108,5.881,58.283,0.624,PCNT-N1,0.690
c:1/2 - siCTRL_PCNT_NEDD1_20100507_Fri-1643_0_SIR_PRJ.dv,2,0.888,0.444,0.864,0,0,3.673,1.247,4.277,4.217,131.709,0.464,PCNT-N1,2.689
c:1/2 - siCTRL_PCNT_NEDD1_20100507_Fri-1702_0_SIR_PRJ.dv,8,0.786,0.098,0.764,0,0,1.155,0.429,5.465,4.990,80.978,0.300,PCNT-N1,0.506
c:1/2 - siCTRL_PCNT_NEDD1_20100507_Fri-1725_0_SIR_PRJ.dv,3,0.552,0.184,0.537,0,0,1.545,0.613,6.217,4.712,85.928,0.328,PCNT-N1,0.804
c:1/2 - siCTRL_PCNT_NEDD1_20100507_Fri-1732_0_SIR_PRJ.dv,3,0.497,0.166,0.484,0,0,1.423,0.522,5.478,5.702,114.626,0.296,PCNT-N1,0.719
c:1/2 - siCTRL_PCNT_NEDD1_20100507_Fri-1737_0_SIR_PRJ.dv,2,0.648,0.324,0.630,0,0,3.344,0.799,5.287,4.613,99.028,0.531,PCNT-N1,1.313
c:1/2 - siCTRL_PCNT_NEDD1_20100507_Fri-1743_0_SIR_PRJ.dv,4,0.547,0.137,0.533,0,0,1.601,0.529,5.376,4.277,91.766,0.346,PCNT-N1,0.527
c:1/2 - siCTRL_PCNT_NEDD1_20100507_Fri-1747_0_SIR_PRJ.dv,3,0.387,0.129,0.377,0,0,1.689,0.505,5.042,4.501,92.071,0.287,PCNT-N1,0.793
c:1/2 - PCNTab_N20_ctrl_20110617_Fri-1120_0_SIR_PRJ.dv,4,0.434,0.109,0.423,0,0,1.379,0.489,4.643,4.910,107.548,0.252,PCNT-N1,0.941
c:1/2 - PCNTab_N20_ctrl_20110617_Fri-1129_0_SIR_PRJ.dv,5,0.712,0.142,0.693,0,0,1.559,0.486,5.560,5.496,114.787,0.291,PCNT-N1,1.227
c:1/2 - PCNTab_N20_ctrl_20110617_Fri-1136_0_SIR_PRJ.dv,3,0.467,0.156,0.455,0,0,1.292,0.488,4.673,3.881,116.230,0.320,PCNT-N1,0.677
c:1/2 - PCNTab_N20_ctrl_20110617_Fri-1139_0_SIR_PRJ.dv,8,0.676,0.084,0.658,0,0,1.153,0.386,6.678,4.638,74.682,0.266,PCNT-N1,0.402
c:1/2 - PCNTab_N20_ctrl_20110617_Fri-1146_0_SIR_PRJ.dv,5,0.618,0.124,0.601,0,0,1.216,0.426,5.766,5.108,119.506,0.319,PCNT-N1,0.424
c:1/2 - PCNTab_N20_ctrl_20110617_Fri-1242_0_SIR_PRJ.dv,2,0.381,0.191,0.371,0,0,1.826,0.608,5.227,5.089,136.683,0.358,PCNT-N1,0.639
c:1/2 - PCNTab_N20_ctrl_20110617_Fri-1256_0_SIR_PRJ.dv,2,0.499,0.249,0.485,0,0,2.029,0.713,5.643,5.544,77.047,0.406,PCNT-N1,0.693
c:1/2 - PCNTab_N20_ctrl_20110617_Fri-1259_0_SIR_PRJ.dv,5,0.732,0.146,0.713,0,0,1.535,0.487,5.164,5.694,83.923,0.296,PCNT-N1,1.273
c:1/2 - PCNTab_N20_ctrl_20110617_Fri-1307_0_SIR_PRJ.dv,8,0.662,0.083,0.644,0,0,1.255,0.412,5.247,5.183,105.384,0.260,PCNT-N1,0.974
c:1/2 - PCNTab_N20_ctrl_20110617_Fri-1311_0_SIR_PRJ.dv,3,0.555,0.185,0.540,0,0,1.782,0.574,5.016,5.821,34.336,0.456,PCNT-N1,0.452
c:1/2 - PCNTab_N20_ctrl_20110617_Fri-1314_0_SIR_PRJ.dv,4,0.566,0.142,0.551,0,0,1.312,0.491,3.663,4.792,69.190,0.343,PCNT-N1,0.505
c:1/2 - PCNTab_N20_ctrl_20110617_Fri-1319_0_SIR_PRJ.dv,5,0.409,0.082,0.398,0,0,1.038,0.385,4.839,5.156,117.508,0.272,PCNT-N1,0.353
c:1/2 - PCNTab_N20_ctrl_20110617_Fri-1324_0_SIR_PRJ.dv,2,0.635,0.318,0.618,0,0,2.475,0.651,4.613,5.346,154.298,0.515,PCNT-N1,0.974
c:2/2 - 141_gtub_001_SIR_PRJ.dv,1,0.473,0.473,0.462,0,0,3.475,1.152,4.187,6.044,22.166,0.617,TUBG1-N,0.970
c:2/2 - 141_gtub_007_SIR_PRJ.dv,1,0.337,0.337,0.330,0,0,3.084,1.037,4.977,4.543,40.365,0.526,TUBG1-N,0.653
c:2/2 - 141_gtub_008_SIR_PRJ.dv,1,0.359,0.359,0.351,0,0,2.847,0.936,5.096,5.254,27.646,0.602,TUBG1-N,0.549
c:2/2 - 141_gtub_012_SIR_PRJ.dv,2,0.367,0.183,0.359,0,0,1.665,0.604,3.456,4.483,26.886,0.486,TUBG1-N,0.264
c:2/2 - 141_gtub_013_SIR_PRJ.dv,2,0.537,0.268,0.525,0,0,2.091,0.734,5.728,5.886,111.113,0.394,TUBG1-N,0.849
c:2/2 - 141_gtub_014_SIR_PRJ.dv,1,0.349,0.349,0.342,0,0,3.336,1.102,4.701,2.765,14.534,0.514,TUBG1-N,0.548
c:2/2 - 141_gtub_016_SIR_PRJ.dv,2,0.551,0.275,0.539,0,0,2.315,0.729,4.108,5.293,96.283,0.625,TUBG1-N,0.506
c:2/2 - 141_gtub_017_SIR_PRJ.dv,1,0.495,0.495,0.484,0,0,3.768,1.351,5.688,6.636,74.745,0.563,TUBG1-N,0.927
c:2/2 - 141_gtub_018_SIR_PRJ.dv,1,0.506,0.506,0.494,0,0,3.275,1.185,4.108,4.898,126.870,0.675,TUBG1-N,0.801
c:2/2 - 141_gtub_019_SIR_PRJ.dv,3,0.555,0.185,0.543,0,0,1.465,0.545,5.109,3.687,149.144,0.408,TUBG1-N,0.375
c:2/2 - 141_gtub_023_SIR_PRJ.dv,2,0.437,0.218,0.427,0,0,1.744,0.611,5.017,4.286,92.521,0.517,TUBG1-N,0.306
c:2/2 - 141_gtub_024_SIR_PRJ.dv,2,0.365,0.183,0.357,0,0,1.608,0.573,4.622,5.668,58.892,0.474,TUBG1-N,0.262
c:2/2 - 141_gtub_026_SIR_PRJ.dv,2,0.627,0.314,0.613,0,0,2.596,0.787,4.819,5.352,26.472,0.436,TUBG1-N,0.936
c:2/2 - 141_gtub_027_SIR_PRJ.dv,3,0.543,0.181,0.531,0,0,1.921,0.608,6.044,3.924,60.961,0.324,TUBG1-N,1.167
c:2/2 - 141_gtub_028_SIR_PRJ.dv,2,0.613,0.307,0.600,0,0,1.989,0.668,5.096,7.742,114.882,0.472,TUBG1-N,0.970
c:2/2 - 141_gtub_032_SIR_PRJ.dv,3,0.521,0.174,0.510,0,0,1.546,0.567,5.030,3.213,91.528,0.321,TUBG1-N,1.136
c:2/2 - 141_gtub_033_SIR_PRJ.dv,2,0.610,0.305,0.597,0,0,2.210,0.786,5.333,6.261,164.368,0.564,TUBG1-N,0.499
c:1/2 - gtub_NEDD1141_I_001_SIR_PRJ.dv,1,0.343,0.343,0.336,0,0,2.716,0.891,4.108,5.175,167.196,0.563,TUBG1-N,0.549
c:1/2 - gtub_NEDD1141_I_002_SIR_PRJ.dv,1,0.465,0.465,0.455,0,0,3.656,1.203,5.135,5.570,23.199,0.579,TUBG1-N,0.699
c:1/2 - gtub_NEDD1141_I_003_SIR_PRJ.dv,2,0.615,0.307,0.601,0,0,1.984,0.706,5.372,4.444,47.280,0.465,TUBG1-N,1.132
c:1/2 - gtub_NEDD1141_I_005_SIR_PRJ.dv,1,0.513,0.513,0.502,0,0,3.558,1.174,5.412,4.701,109.654,0.666,TUBG1-N,0.905
c:1/2 - gtub_NEDD1141_I_008_SIR_PRJ.dv,1,0.412,0.412,0.403,0,0,3.610,1.255,4.661,5.767,65.854,0.579,TUBG1-N,0.905
c:1/2 - gtub_NEDD1141_I_009_SIR_PRJ.dv,2,0.428,0.214,0.418,0,0,1.863,0.665,4.246,5.747,53.514,0.511,TUBG1-N,0.352
c:1/2 - gtub_NEDD1141_I_010_SIR_PRJ.dv,2,0.449,0.225,0.439,0,0,1.940,0.672,5.135,4.898,87.908,0.494,TUBG1-N,0.345
c:1/2 - gtub_NEDD1141_I_011_SIR_PRJ.dv,2,0.403,0.201,0.394,0,0,1.868,0.636,4.602,4.977,81.204,0.488,TUBG1-N,0.349
c:1/2 - gtub_NEDD1141_I_014_SIR_PRJ.dv,2,0.415,0.208,0.406,0,0,1.717,0.610,5.352,5.589,94.099,0.511,TUBG1-N,0.306
c:1/2 - gtub_NEDD1141_I_015_SIR_PRJ.dv,3,0.396,0.132,0.388,0,0,1.341,0.489,4.069,4.938,113.930,0.389,TUBG1-N,0.284
c:1/2 - gtub_NEDD1141_I_016_SIR_PRJ.dv,1,0.488,0.488,0.478,0,0,3.778,1.174,4.385,4.898,109.654,0.711,TUBG1-N,0.815
c:1/2 - gtub_NEDD1141_I_017_SIR_PRJ.dv,1,0.499,0.499,0.488,0,0,3.913,1.325,5.412,4.306,100.305,0.592,TUBG1-N,0.824
c:1/2 - gtub_NEDD1141_I_020_SIR_PRJ.dv,2,0.318,0.159,0.311,0,0,2.410,0.615,5.471,5.668,52.250,0.504,TUBG1-N,0.305
c:1/2 - gtub_NEDD1141_I_021_SIR_PRJ.dv,2,0.451,0.225,0.441,0,0,2.058,0.658,5.412,5.708,61.902,0.514,TUBG1-N,0.345
c:1/2 - gtub_NEDD1141_I_023_SIR_PRJ.dv,2,0.360,0.180,0.352,0,0,1.856,0.621,5.096,5.056,65.527,0.466,TUBG1-N,0.281
c:1/2 - gtub_NEDD1141_I_024_SIR_PRJ.dv,1,0.530,0.530,0.519,0,0,4.340,1.342,4.187,5.609,47.386,0.730,TUBG1-N,1.177
c:1/2 - gtub_NEDD1141_I_025_SIR_PRJ.dv,2,0.403,0.201,0.394,0,0,2.045,0.673,4.859,5.234,148.638,0.474,TUBG1-N,0.449
c:1/2 - gtub_NEDD1141_I_026_SIR_PRJ.dv,2,0.342,0.171,0.334,0,0,1.598,0.576,5.115,5.649,22.211,0.444,TUBG1-N,0.305
c:1/2 - gtub_NEDD1141_I_028_SIR_PRJ.dv,1,0.510,0.510,0.499,0,0,3.419,1.235,4.029,5.254,172.648,0.700,TUBG1-N,0.871
c:1/2 - gtub_NEDD1141_I_030_SIR_PRJ.dv,3,0.601,0.200,0.587,0,0,1.825,0.653,5.240,5.701,119.695,0.408,TUBG1-N,0.447
c:1/2 - gtub_PCNT_I_002_SIR_PRJ.dv,2,0.343,0.172,0.336,0,0,1.633,0.597,5.372,4.385,75.034,0.442,TUBG1-N,0.244
c:1/2 - gtub_PCNT_I_004_SIR_PRJ.dv,2,0.371,0.186,0.363,0,0,1.738,0.616,4.760,4.424,70.522,0.469,TUBG1-N,0.275
c:1/2 - gtub_PCNT_I_005_SIR_PRJ.dv,3,0.498,0.166,0.487,0,0,1.469,0.514,5.254,5.319,110.694,0.393,TUBG1-N,0.372
c:1/2 - gtub_PCNT_I_008_SIR_PRJ.dv,1,0.473,0.473,0.462,0,0,3.708,1.186,4.780,6.439,119.982,0.647,TUBG1-N,1.054
c:1/2 - gtub_PCNT_I_012_SIR_PRJ.dv,2,0.251,0.126,0.246,0,0,1.126,0.427,4.720,5.155,92.067,0.321,TUBG1-N,0.328
c:1/2 - gtub_PCNT_I_013_SIR_PRJ.dv,3,0.420,0.140,0.410,0,0,1.289,0.463,5.491,6.083,145.446,0.379,TUBG1-N,0.349
c:1/2 - gtub_PCNT_I_014_SIR_PRJ.dv,2,0.420,0.210,0.410,0,0,1.856,0.635,4.385,5.372,53.902,0.514,TUBG1-N,0.325
c:1/2 - gtub_PCNT_I_015_SIR_PRJ.dv,2,0.290,0.145,0.284,0,0,1.570,0.577,5.214,3.990,83.114,0.425,TUBG1-N,0.244
c:1/2 - gtub_PCNT_I_016_SIR_PRJ.dv,1,0.443,0.443,0.433,0,0,3.206,1.000,3.792,7.110,9.090,0.703,TUBG1-N,0.781
c:1/2 - gtub_PCNT_I_017_SIR_PRJ.dv,1,0.406,0.406,0.397,0,0,3.173,1.050,4.424,4.859,160.201,0.574,TUBG1-N,0.664
c:1/2 - gtub_PCNT_I_018_SIR_PRJ.dv,2,0.488,0.244,0.478,0,0,1.907,0.690,4.562,4.859,157.898,0.514,TUBG1-N,0.345
c:1/2 - gtub_PCNT_I_021_SIR_PRJ.dv,2,0.440,0.220,0.430,0,0,2.180,0.656,5.175,5.570,93.859,0.528,TUBG1-N,0.352
c:1/2 - gtub_PCNT_I_022_SIR_PRJ.dv,2,0.364,0.182,0.356,0,0,1.659,0.579,7.169,5.333,68.166,0.360,TUBG1-N,0.562
c:1/2 - gtub_PCNT_I_024_SIR_PRJ.dv,1,0.546,0.546,0.534,0,0,3.554,1.287,4.069,5.333,17.879,0.681,TUBG1-N,1.017
c:1/2 - gtub_PCNT_I_027_SIR_PRJ.dv,2,0.396,0.198,0.388,0,0,1.777,0.611,5.471,5.649,108.243,0.508,TUBG1-N,0.305
c:1/2 - gtub_PCNT_I_028_SIR_PRJ.dv,4,0.257,0.064,0.252,0,0,0.935,0.342,5.925,4.454,68.987,0.255,TUBG1-N,0.206
c:1/2 - gtub_PCNT_I_032_SIR_PRJ.dv,2,0.301,0.151,0.294,0,0,1.475,0.499,4.760,5.688,91.260,0.448,TUBG1-N,0.225
c:1/2 - gtub_PCNT_I_033_SIR_PRJ.dv,2,0.398,0.199,0.389,0,0,2.075,0.605,4.641,4.464,83.549,0.520,TUBG1-N,0.375
c:1/2 - gtub_PCNT_I_034_SIR_PRJ.dv,1,0.471,0.471,0.461,0,0,3.065,1.137,4.464,4.898,110.323,0.583,TUBG1-N,0.633
c:1/2 - gtub_PCNT_I_040_SIR_PRJ.dv,2,0.382,0.191,0.374,0,0,1.682,0.593,5.194,4.918,135.000,0.491,TUBG1-N,0.284
c:2/2 - PCNT_gtub_I_003_SIR_PRJ.dv,1,0.474,0.474,0.464,0,0,3.778,1.203,4.148,5.056,113.199,0.622,TUBG1-N,0.961
c:2/2 - PCNT_gtub_I_004_SIR_PRJ.dv,2,0.276,0.138,0.270,0,0,1.524,0.569,3.871,4.859,70.385,0.409,TUBG1-N,0.275
c:2/2 - PCNT_gtub_I_005_SIR_PRJ.dv,2,0.428,0.214,0.418,0,0,1.982,0.686,4.760,5.273,89.045,0.515,TUBG1-N,0.422
c:2/2 - PCNT_gtub_I_007_SIR_PRJ.dv,2,0.387,0.193,0.378,0,0,1.744,0.601,4.385,5.787,47.485,0.474,TUBG1-N,0.284
c:2/2 - PCNT_gtub_I_010_SIR_PRJ.dv,1,0.499,0.499,0.488,0,0,3.396,1.162,3.950,5.293,17.819,0.686,TUBG1-N,0.874
c:2/2 - PCNT_gtub_I_011_SIR_PRJ.dv,2,0.421,0.211,0.412,0,0,1.905,0.672,5.036,6.379,28.072,0.521,TUBG1-N,0.328
c:2/2 - PCNT_gtub_I_015_SIR_PRJ.dv,2,0.454,0.227,0.444,0,0,1.845,0.658,4.602,5.866,77.649,0.503,TUBG1-N,0.325
c:2/2 - PCNT_gtub_I_017_SIR_PRJ.dv,1,0.459,0.459,0.449,0,0,3.554,1.209,5.214,5.767,51.633,0.573,TUBG1-N,0.934
c:2/2 - PCNT_gtub_I_018_SIR_PRJ.dv,1,0.403,0.403,0.394,0,0,2.624,0.919,4.069,4.859,115.463,0.636,TUBG1-N,0.683
c:2/2 - PCNT_gtub_I_019_SIR_PRJ.dv,1,0.428,0.428,0.418,0,0,3.294,1.098,3.121,5.333,30.256,0.650,TUBG1-N,0.749
c:2/2 - PCNT_gtub_I_020_SIR_PRJ.dv,1,0.559,0.559,0.546,0,0,3.410,1.225,4.582,5.254,110.772,0.778,TUBG1-N,0.996
c:2/2 - PCNT_gtub_I_023_SIR_PRJ.dv,2,0.490,0.245,0.479,0,0,2.187,0.735,4.622,4.859,136.824,0.536,TUBG1-N,0.399
c:2/2 - PCNT_gtub_I_024_SIR_PRJ.dv,1,0.490,0.490,0.479,0,0,3.462,1.235,4.701,4.385,97.352,0.593,TUBG1-N,0.774
c:2/2 - PCNT_gtub_I_025_SIR_PRJ.dv,2,0.521,0.261,0.510,0,0,2.040,0.707,4.641,4.799,108.146,0.550,TUBG1-N,0.445
c:2/2 - PCNT_gtub_I_031_SIR_PRJ.dv,1,0.484,0.484,0.473,0,0,3.936,1.369,4.543,5.412,43.831,0.587,TUBG1-N,1.096
c:2/2 - PCNT_gtub_I_032_SIR_PRJ.dv,1,0.512,0.512,0.500,0,0,3.466,1.299,4.108,4.345,160.463,0.575,TUBG1-N,0.871
c:2/2 - PCNT_gtub_I_035_SIR_PRJ.dv,2,0.426,0.213,0.417,0,0,1.961,0.662,4.306,6.478,65.535,0.518,TUBG1-N,0.422
c:2/2 - PCNT_gtub_I_039_SIR_PRJ.dv,1,0.442,0.442,0.432,0,0,2.894,1.075,4.187,6.320,36.027,0.587,TUBG1-N,0.826
c:2/2 - PCNT_gtub_I_041_SIR_PRJ.dv,2,0.484,0.242,0.473,0,0,1.942,0.655,5.115,4.819,145.009,0.553,TUBG1-N,0.352
c:2/2 - PCNT_gtub_I_042_SIR_PRJ.dv,2,0.379,0.190,0.371,0,0,1.654,0.587,4.957,5.135,128.171,0.480,TUBG1-N,0.264
c:2/2 - PCNT_gtub_I_044_SIR_PRJ.dv,1,0.560,0.560,0.548,0,0,3.545,1.234,4.701,4.661,140.194,0.734,TUBG1-N,1.055
c:2/2 - PCNT_gtub_I_047_SIR_PRJ.dv,2,0.452,0.226,0.443,0,0,1.979,0.670,5.471,4.799,81.958,0.513,TUBG1-N,0.393
c:2/2 - PCNT_gtub_I_050_SIR_PRJ.dv,2,0.626,0.313,0.612,0,0,2.284,0.798,4.602,4.898,111.322,0.573,TUBG1-N,0.574
